internal_key,location_groups,evidence,source_card_name,source_cell_id
ActionCard_001,办公楼,Assembly-CSharp.dll / GServer.DM.Init / GActionCard.CellID,a001,E0094DE007D78709
ActionCard_002,办公楼,Assembly-CSharp.dll / GServer.DM.Init / GActionCard.CellID,a002,E0094DE007D78709
ActionCard_003,办公楼,Assembly-CSharp.dll / GServer.DM.Init / GActionCard.CellID,a003,E0094DE007D78709
ActionCard_004,办公楼,Assembly-CSharp.dll / GServer.DM.Init / GActionCard.CellID,a004,E0094DE007D78709
ActionCard_005,办公楼,Assembly-CSharp.dll / GServer.DM.Init / GActionCard.CellID,a005,E0094DE007D78709
ActionCard_006,办公楼,Assembly-CSharp.dll / GServer.DM.Init / GActionCard.CellID,a006,E0094DE007D78709
ActionCard_007,办公楼,Assembly-CSharp.dll / GServer.DM.Init / GActionCard.CellID,a007,E0094DE007D78709
ActionCard_008,办公楼,Assembly-CSharp.dll / GServer.DM.Init / GActionCard.CellID,a008,E0094DE007D78709
ActionCard_009,办公楼,Assembly-CSharp.dll / GServer.DM.Init / GActionCard.CellID,a009,E0094DE007D78709
ActionCard_010,办公楼,Assembly-CSharp.dll / GServer.DM.Init / GActionCard.CellID,a010,E0094DE007D78709
ActionCard_011,办公楼,Assembly-CSharp.dll / GServer.DM.Init / GActionCard.CellID,a011,E0094DE007D78709
ActionCard_012,工厂,Assembly-CSharp.dll / GServer.DM.Init / GActionCard.CellID,a012,A3104DE0070FFA0A
ActionCard_013,工厂,Assembly-CSharp.dll / GServer.DM.Init / GActionCard.CellID,a013,A3104DE0070FFA0A
ActionCard_014,工厂,Assembly-CSharp.dll / GServer.DM.Init / GActionCard.CellID,a014,A3104DE0070FFA0A
ActionCard_015,工厂,Assembly-CSharp.dll / GServer.DM.Init / GActionCard.CellID,a015,A3104DE0070FFA0A
ActionCard_016,工厂,Assembly-CSharp.dll / GServer.DM.Init / GActionCard.CellID,a016,A3104DE0070FFA0A
ActionCard_017,工厂,Assembly-CSharp.dll / GServer.DM.Init / GActionCard.CellID,a017,A3104DE0070FFA0A
ActionCard_018,工厂,Assembly-CSharp.dll / GServer.DM.Init / GActionCard.CellID,a018,A3104DE0070FFA0A
ActionCard_019,工厂,Assembly-CSharp.dll / GServer.DM.Init / GActionCard.CellID,a019,A3104DE0070FFA0A
ActionCard_020,工厂,Assembly-CSharp.dll / GServer.DM.Init / GActionCard.CellID,a020,A3104DE0070FFA0A
ActionCard_021,工厂,Assembly-CSharp.dll / GServer.DM.Init / GActionCard.CellID,a021,A3104DE0070FFA0A
ActionCard_022,赌博,Assembly-CSharp.dll / GServer.DM.Init / GActionCard.CellID,a022,E1D14CE007F0D903
ActionCard_023,赌博,Assembly-CSharp.dll / GServer.DM.Init / GActionCard.CellID,a023,E1D14CE007F0D903
ActionCard_024,赌博,Assembly-CSharp.dll / GServer.DM.Init / GActionCard.CellID,a024,E1D14CE007F0D903
ActionCard_025,赌场,Assembly-CSharp.dll / GServer.DM.Init / GActionCard.CellID,a025,C74C4DE007B1300F
ActionCard_026,赌场,Assembly-CSharp.dll / GServer.DM.Init / GActionCard.CellID,a026,C74C4DE007B1300F
ActionCard_027,赌场,Assembly-CSharp.dll / GServer.DM.Init / GActionCard.CellID,a027,C74C4DE007B1300F
ActionCard_028,赌场,Assembly-CSharp.dll / GServer.DM.Init / GActionCard.CellID,a028,C74C4DE007B1300F
ActionCard_029,赌场,Assembly-CSharp.dll / GServer.DM.Init / GActionCard.CellID,a029,C74C4DE007B1300F
ActionCard_030,赌场,Assembly-CSharp.dll / GServer.DM.Init / GActionCard.CellID,a030,C74C4DE007B1300F
ActionCard_031,赌场,Assembly-CSharp.dll / GServer.DM.Init / GActionCard.CellID,a031,C74C4DE007B1300F
ActionCard_032,演讲,Assembly-CSharp.dll / GServer.DM.Init / GActionCard.CellID,a032,F4C64CE0074C9102
ActionCard_033,演讲,Assembly-CSharp.dll / GServer.DM.Init / GActionCard.CellID,a033,F4C64CE0074C9102
ActionCard_034,法院,Assembly-CSharp.dll / GServer.DM.Init / GActionCard.CellID,a034,D6534DE007B18E10
ActionCard_035,法院,Assembly-CSharp.dll / GServer.DM.Init / GActionCard.CellID,a035,D6534DE007B18E10
ActionCard_036,法院,Assembly-CSharp.dll / GServer.DM.Init / GActionCard.CellID,a036,D6534DE007B18E10
ActionCard_037,法院,Assembly-CSharp.dll / GServer.DM.Init / GActionCard.CellID,a037,D6534DE007B18E10
ActionCard_038,法院,Assembly-CSharp.dll / GServer.DM.Init / GActionCard.CellID,a038,D6534DE007B18E10
ActionCard_039,法院,Assembly-CSharp.dll / GServer.DM.Init / GActionCard.CellID,a039,D6534DE007B18E10
ActionCard_040,法院,Assembly-CSharp.dll / GServer.DM.Init / GActionCard.CellID,a040,D6534DE007B18E10
ActionCard_041,法院,Assembly-CSharp.dll / GServer.DM.Init / GActionCard.CellID,a041,D6534DE007B18E10
ActionCard_042,法院,Assembly-CSharp.dll / GServer.DM.Init / GActionCard.CellID,a042,D6534DE007B18E10
ActionCard_043,法院,Assembly-CSharp.dll / GServer.DM.Init / GActionCard.CellID,a043,D6534DE007B18E10
ActionCard_044,法院,Assembly-CSharp.dll / GServer.DM.Init / GActionCard.CellID,a044,D6534DE007B18E10
ActionCard_045,法院,Assembly-CSharp.dll / GServer.DM.Init / GActionCard.CellID,a045,D6534DE007B18E10
ActionCard_046,警察,Assembly-CSharp.dll / GServer.DM.Init / GActionCard.CellID,a046,C8A84CE0073FA001
ActionCard_047,警察,Assembly-CSharp.dll / GServer.DM.Init / GActionCard.CellID,a047,C8A84CE0073FA001
ActionCard_048,警察,Assembly-CSharp.dll / GServer.DM.Init / GActionCard.CellID,a048,C8A84CE0073FA001
ActionCard_049,警察,Assembly-CSharp.dll / GServer.DM.Init / GActionCard.CellID,a049,C8A84CE0073FA001
ActionCard_050,警察,Assembly-CSharp.dll / GServer.DM.Init / GActionCard.CellID,a050,C8A84CE0073FA001
ActionCard_051,贿赂,Assembly-CSharp.dll / GServer.DM.Init / GActionCard.CellID,a051,E0E34CE007656E05
ActionCard_052,贿赂,Assembly-CSharp.dll / GServer.DM.Init / GActionCard.CellID,a052,E0E34CE007656E05
ActionCard_053,废料场,Assembly-CSharp.dll / GServer.DM.Init / GActionCard.CellID,a053,F81A4DE0077AA30B
ActionCard_054,废料场,Assembly-CSharp.dll / GServer.DM.Init / GActionCard.CellID,a054,F81A4DE0077AA30B
ActionCard_055,废料场,Assembly-CSharp.dll / GServer.DM.Init / GActionCard.CellID,a055,F81A4DE0077AA30B
ActionCard_056,废料场,Assembly-CSharp.dll / GServer.DM.Init / GActionCard.CellID,a056,F81A4DE0077AA30B
ActionCard_057,废料场,Assembly-CSharp.dll / GServer.DM.Init / GActionCard.CellID,a057,F81A4DE0077AA30B
ActionCard_058,废料场,Assembly-CSharp.dll / GServer.DM.Init / GActionCard.CellID,a058,F81A4DE0077AA30B
ActionCard_059,废料场,Assembly-CSharp.dll / GServer.DM.Init / GActionCard.CellID,a059,F81A4DE0077AA30B
ActionCard_060,废料场,Assembly-CSharp.dll / GServer.DM.Init / GActionCard.CellID,a060,F81A4DE0077AA30B
ActionCard_061,市场,Assembly-CSharp.dll / GServer.DM.Init / GActionCard.CellID,a061,B72C4DE00795310C
ActionCard_062,市场,Assembly-CSharp.dll / GServer.DM.Init / GActionCard.CellID,a062,B72C4DE00795310C
ActionCard_063,市场,Assembly-CSharp.dll / GServer.DM.Init / GActionCard.CellID,a063,B72C4DE00795310C
ActionCard_064,市场,Assembly-CSharp.dll / GServer.DM.Init / GActionCard.CellID,a064,B72C4DE00795310C
ActionCard_065,市场,Assembly-CSharp.dll / GServer.DM.Init / GActionCard.CellID,a065,B72C4DE00795310C
ActionCard_066,市场,Assembly-CSharp.dll / GServer.DM.Init / GActionCard.CellID,a066,B72C4DE00795310C
ActionCard_067,市场,Assembly-CSharp.dll / GServer.DM.Init / GActionCard.CellID,a067,B72C4DE00795310C
ActionCard_068,市场,Assembly-CSharp.dll / GServer.DM.Init / GActionCard.CellID,a068,B72C4DE00795310C
ActionCard_069,市场,Assembly-CSharp.dll / GServer.DM.Init / GActionCard.CellID,a069,B72C4DE00795310C
ActionCard_070,市场,Assembly-CSharp.dll / GServer.DM.Init / GActionCard.CellID,a070,B72C4DE00795310C
ActionCard_071,市场,Assembly-CSharp.dll / GServer.DM.Init / GActionCard.CellID,a071,B72C4DE00795310C
ActionCard_072,市场,Assembly-CSharp.dll / GServer.DM.Init / GActionCard.CellID,a072,B72C4DE00795310C
ActionCard_073,市场,Assembly-CSharp.dll / GServer.DM.Init / GActionCard.CellID,a073,B72C4DE00795310C
ActionCard_074,藏宝阁,Assembly-CSharp.dll / GServer.DM.Init / GActionCard.CellID,a074,A45E4DE007706F11
ActionCard_075,藏宝阁,Assembly-CSharp.dll / GServer.DM.Init / GActionCard.CellID,a075,A45E4DE007706F11
ActionCard_076,藏宝阁,Assembly-CSharp.dll / GServer.DM.Init / GActionCard.CellID,a076,A45E4DE007706F11
ActionCard_077,藏宝阁,Assembly-CSharp.dll / GServer.DM.Init / GActionCard.CellID,a077,A45E4DE007706F11
ActionCard_078,藏宝阁,Assembly-CSharp.dll / GServer.DM.Init / GActionCard.CellID,a078,A45E4DE007706F11
ActionCard_079,藏宝阁,Assembly-CSharp.dll / GServer.DM.Init / GActionCard.CellID,a079,A45E4DE007706F11
ActionCard_080,藏宝阁,Assembly-CSharp.dll / GServer.DM.Init / GActionCard.CellID,a080,A45E4DE007706F11
ActionCard_081,藏宝阁,Assembly-CSharp.dll / GServer.DM.Init / GActionCard.CellID,a081,A45E4DE007706F11
ActionCard_082,银行,Assembly-CSharp.dll / GServer.DM.Init / GActionCard.CellID,a082,A1024DE007D4D508
ActionCard_083,银行,Assembly-CSharp.dll / GServer.DM.Init / GActionCard.CellID,a083,A1024DE007D4D508
ActionCard_084,银行,Assembly-CSharp.dll / GServer.DM.Init / GActionCard.CellID,a084,A1024DE007D4D508
ActionCard_085,银行,Assembly-CSharp.dll / GServer.DM.Init / GActionCard.CellID,a085,A1024DE007D4D508
ActionCard_086,银行,Assembly-CSharp.dll / GServer.DM.Init / GActionCard.CellID,a086,A1024DE007D4D508
ActionCard_087,银行,Assembly-CSharp.dll / GServer.DM.Init / GActionCard.CellID,a087,A1024DE007D4D508
ActionCard_088,银行,Assembly-CSharp.dll / GServer.DM.Init / GActionCard.CellID,a088,A1024DE007D4D508
ActionCard_089,天界,Assembly-CSharp.dll / GServer.DM.Init / GActionCard.CellID,a089,A1F44CE0070E5A07
ActionCard_090,天界,Assembly-CSharp.dll / GServer.DM.Init / GActionCard.CellID,a090,A1F44CE0070E5A07
ActionCard_091,天界,Assembly-CSharp.dll / GServer.DM.Init / GActionCard.CellID,a091,A1F44CE0070E5A07
ActionCard_092,天界,Assembly-CSharp.dll / GServer.DM.Init / GActionCard.CellID,a092,A1F44CE0070E5A07
ActionCard_093,天界,Assembly-CSharp.dll / GServer.DM.Init / GActionCard.CellID,a093,A1F44CE0070E5A07
ActionCard_094,天界,Assembly-CSharp.dll / GServer.DM.Init / GActionCard.CellID,a094,A1F44CE0070E5A07
ActionCard_095,天界,Assembly-CSharp.dll / GServer.DM.Init / GActionCard.CellID,a095,A1F44CE0070E5A07
ActionCard_096,天界,Assembly-CSharp.dll / GServer.DM.Init / GActionCard.CellID,a096,A1F44CE0070E5A07
ActionCard_097,厄运,Assembly-CSharp.dll / GServer.DM.Init / GActionCard.CellID,a097,B0EB4CE0076E6F06
ActionCard_098,厄运,Assembly-CSharp.dll / GServer.DM.Init / GActionCard.CellID,a098,B0EB4CE0076E6F06
ActionCard_099,厄运,Assembly-CSharp.dll / GServer.DM.Init / GActionCard.CellID,a099,B0EB4CE0076E6F06
ActionCard_100,厄运,Assembly-CSharp.dll / GServer.DM.Init / GActionCard.CellID,a100,B0EB4CE0076E6F06
ActionCard_101,监狱,Assembly-CSharp.dll / GServer.DM.Init / GActionCard.CellID,a101,C3364DE0073E510D
ActionCard_102,监狱,Assembly-CSharp.dll / GServer.DM.Init / GActionCard.CellID,a102,C3364DE0073E510D
ActionCard_103,监狱,Assembly-CSharp.dll / GServer.DM.Init / GActionCard.CellID,a103,C3364DE0073E510D
ActionCard_104,地狱,Assembly-CSharp.dll / GServer.DM.Init / GActionCard.CellID,a104,B13C4DE007D7F40E
ActionCard_105,地狱,Assembly-CSharp.dll / GServer.DM.Init / GActionCard.CellID,a105,B13C4DE007D7F40E
ActionCard_106,地狱,Assembly-CSharp.dll / GServer.DM.Init / GActionCard.CellID,a106,B13C4DE007D7F40E
ActionCard_107,地狱,Assembly-CSharp.dll / GServer.DM.Init / GActionCard.CellID,a107,B13C4DE007D7F40E
ActionCard_108,地狱,Assembly-CSharp.dll / GServer.DM.Init / GActionCard.CellID,a108,B13C4DE007D7F40E
ActionCard_109,地狱,Assembly-CSharp.dll / GServer.DM.Init / GActionCard.CellID,a109,B13C4DE007D7F40E
ActionCard_110,地狱,Assembly-CSharp.dll / GServer.DM.Init / GActionCard.CellID,a110,B13C4DE007D7F40E
ActionCard_111,地狱,Assembly-CSharp.dll / GServer.DM.Init / GActionCard.CellID,a111,B13C4DE007D7F40E
ActionCard_128,警察,Assembly-CSharp.dll / GServer.DM.Init / GActionCard.CellID,a128,C8A84CE0073FA001
ActionCard_129,贿赂,Assembly-CSharp.dll / GServer.DM.Init / GActionCard.CellID,a129,E0E34CE007656E05
ActionCard_130,工厂,Assembly-CSharp.dll / GServer.DM.Init / GActionCard.CellID,a130,A3104DE0070FFA0A
ActionCard_131,工厂,Assembly-CSharp.dll / GServer.DM.Init / GActionCard.CellID,a131,A3104DE0070FFA0A
ActionCard_132,藏宝阁,Assembly-CSharp.dll / GServer.DM.Init / GActionCard.CellID,a132,A45E4DE007706F11
ActionCard_133,贿赂,Assembly-CSharp.dll / GServer.DM.Init / GActionCard.CellID,a133,E0E34CE007656E05
ActionCard_134,法院,Assembly-CSharp.dll / GServer.DM.Init / GActionCard.CellID,a134,D6534DE007B18E10
ActionCard_135,天界,Assembly-CSharp.dll / GServer.DM.Init / GActionCard.CellID,a135,A1F44CE0070E5A07
ActionCard_136,天界,Assembly-CSharp.dll / GServer.DM.Init / GActionCard.CellID,a136,A1F44CE0070E5A07
ActionCard_137,演讲,Assembly-CSharp.dll / GServer.DM.Init / GActionCard.CellID,a137,F4C64CE0074C9102
ActionCard_138,法院,Assembly-CSharp.dll / GServer.DM.Init / GActionCard.CellID,a138,D6534DE007B18E10
ActionCard_139,地狱,Assembly-CSharp.dll / GServer.DM.Init / GActionCard.CellID,a139,B13C4DE007D7F40E
ActionCard_140,藏宝阁,Assembly-CSharp.dll / GServer.DM.Init / GActionCard.CellID,a140,A45E4DE007706F11
ActionCard_141,废料场,Assembly-CSharp.dll / GServer.DM.Init / GActionCard.CellID,a141,F81A4DE0077AA30B
ActionCard_142,赌场,Assembly-CSharp.dll / GServer.DM.Init / GActionCard.CellID,a142,C74C4DE007B1300F
ActionCard_143,办公楼,Assembly-CSharp.dll / GServer.DM.Init / GActionCard.CellID,a143,E0094DE007D78709
ActionCard_144,工厂,Assembly-CSharp.dll / GServer.DM.Init / GActionCard.CellID,a144,A3104DE0070FFA0A
ActionCard_145,法院,Assembly-CSharp.dll / GServer.DM.Init / GActionCard.CellID,a145,D6534DE007B18E10
ActionCard_146,工厂,Assembly-CSharp.dll / GServer.DM.Init / GActionCard.CellID,a146,A3104DE0070FFA0A
ActionCard_147,演讲,Assembly-CSharp.dll / GServer.DM.Init / GActionCard.CellID,a147,F4C64CE0074C9102
ActionCard_148,市场,Assembly-CSharp.dll / GServer.DM.Init / GActionCard.CellID,a148,B72C4DE00795310C
ActionCard_149,银行,Assembly-CSharp.dll / GServer.DM.Init / GActionCard.CellID,a149,A1024DE007D4D508
ActionCard_150,赌博,Assembly-CSharp.dll / GServer.DM.Init / GActionCard.CellID,a150,E1D14CE007F0D903
ActionCard_151,监狱,Assembly-CSharp.dll / GServer.DM.Init / GActionCard.CellID,a151,C3364DE0073E510D
ActionCard_152,废料场,Assembly-CSharp.dll / GServer.DM.Init / GActionCard.CellID,a152,F81A4DE0077AA30B
ActionCard_153,市场,Assembly-CSharp.dll / GServer.DM.Init / GActionCard.CellID,a153,B72C4DE00795310C
ActionCard_154,天界,Assembly-CSharp.dll / GServer.DM.Init / GActionCard.CellID,a154,A1F44CE0070E5A07
ActionCard_155,工厂,Assembly-CSharp.dll / GServer.DM.Init / GActionCard.CellID,a155,A3104DE0070FFA0A
ActionCard_156,地狱,Assembly-CSharp.dll / GServer.DM.Init / GActionCard.CellID,a156,B13C4DE007D7F40E
ActionCard_157,藏宝阁,Assembly-CSharp.dll / GServer.DM.Init / GActionCard.CellID,a157,A45E4DE007706F11
ActionCard_158,藏宝阁,Assembly-CSharp.dll / GServer.DM.Init / GActionCard.CellID,a158,A45E4DE007706F11
ActionCard_159,工厂,Assembly-CSharp.dll / GServer.DM.Init / GActionCard.CellID,a159,A3104DE0070FFA0A
ActionCard_160,厄运,Assembly-CSharp.dll / GServer.DM.Init / GActionCard.CellID,a160,B0EB4CE0076E6F06
ActionCard_161,银行,Assembly-CSharp.dll / GServer.DM.Init / GActionCard.CellID,a161,A1024DE007D4D508
ActionCard_162,监狱,Assembly-CSharp.dll / GServer.DM.Init / GActionCard.CellID,a162,C3364DE0073E510D
ActionCard_163,法院,Assembly-CSharp.dll / GServer.DM.Init / GActionCard.CellID,a163,D6534DE007B18E10
ActionCard_164,工厂,Assembly-CSharp.dll / GServer.DM.Init / GActionCard.CellID,a164,A3104DE0070FFA0A
ActionCard_165,监狱,Assembly-CSharp.dll / GServer.DM.Init / GActionCard.CellID,a165,C3364DE0073E510D
ActionCard_166,地狱,Assembly-CSharp.dll / GServer.DM.Init / GActionCard.CellID,a166,B13C4DE007D7F40E
ActionCard_167,赌场,Assembly-CSharp.dll / GServer.DM.Init / GActionCard.CellID,a167,C74C4DE007B1300F
ActionCard_168,赌场,Assembly-CSharp.dll / GServer.DM.Init / GActionCard.CellID,a168,C74C4DE007B1300F
ActionCard_169,银行,Assembly-CSharp.dll / GServer.DM.Init / GActionCard.CellID,a169,A1024DE007D4D508
ActionCard_170,赌博,Assembly-CSharp.dll / GServer.DM.Init / GActionCard.CellID,a170,E1D14CE007F0D903
ActionCard_171,警察,Assembly-CSharp.dll / GServer.DM.Init / GActionCard.CellID,a171,C8A84CE0073FA001
ActionCard_172,演讲,Assembly-CSharp.dll / GServer.DM.Init / GActionCard.CellID,a172,F4C64CE0074C9102
ActionCard_173,办公楼,Assembly-CSharp.dll / GServer.DM.Init / GActionCard.CellID,a173,E0094DE007D78709
ActionCard_174,法院,Assembly-CSharp.dll / GServer.DM.Init / GActionCard.CellID,a174,D6534DE007B18E10
ActionCard_175,银行,Assembly-CSharp.dll / GServer.DM.Init / GActionCard.CellID,a175,A1024DE007D4D508
ActionCard_176,演讲,Assembly-CSharp.dll / GServer.DM.Init / GActionCard.CellID,a176,F4C64CE0074C9102
ActionCard_177,赌场,Assembly-CSharp.dll / GServer.DM.Init / GActionCard.CellID,a177,C74C4DE007B1300F
ActionCard_178,警察,Assembly-CSharp.dll / GServer.DM.Init / GActionCard.CellID,a178,C8A84CE0073FA001
ActionCard_179,市场,Assembly-CSharp.dll / GServer.DM.Init / GActionCard.CellID,a179,B72C4DE00795310C
ActionCard_180,天界,Assembly-CSharp.dll / GServer.DM.Init / GActionCard.CellID,a180,A1F44CE0070E5A07
ActionCard_181,办公楼,Assembly-CSharp.dll / GServer.DM.Init / GActionCard.CellID,a181,E0094DE007D78709
ActionCard_182,地狱,Assembly-CSharp.dll / GServer.DM.Init / GActionCard.CellID,a182,B13C4DE007D7F40E
ActionCard_183,赌场,Assembly-CSharp.dll / GServer.DM.Init / GActionCard.CellID,a183,C74C4DE007B1300F
ActionCard_184,废料场,Assembly-CSharp.dll / GServer.DM.Init / GActionCard.CellID,a184,F81A4DE0077AA30B
ActionCard_185,市场,Assembly-CSharp.dll / GServer.DM.Init / GActionCard.CellID,a185,B72C4DE00795310C
ActionCard_186,赌博,Assembly-CSharp.dll / GServer.DM.Init / GActionCard.CellID,a186,E1D14CE007F0D903
ChaosCard_001,地狱,Assembly-CSharp.dll / GServer.DM.Init / GActionCard.CellID,c001,B13C4DE007D7F40E
ChaosCard_002,地狱,Assembly-CSharp.dll / GServer.DM.Init / GActionCard.CellID,c002,B13C4DE007D7F40E
ChaosCard_003,地狱,Assembly-CSharp.dll / GServer.DM.Init / GActionCard.CellID,c003,B13C4DE007D7F40E
ChaosCard_004,天界,Assembly-CSharp.dll / GServer.DM.Init / GActionCard.CellID,c004,A1F44CE0070E5A07
ChaosCard_005,天界,Assembly-CSharp.dll / GServer.DM.Init / GActionCard.CellID,c005,A1F44CE0070E5A07
ChaosCard_006,工厂,Assembly-CSharp.dll / GServer.DM.Init / GActionCard.CellID,c006,A3104DE0070FFA0A
PermCard_001,藏宝阁,Assembly-CSharp.dll / GServer.DM.Init / GActionCard.CellID,a112,A45E4DE007706F11
PermCard_002,废料场,Assembly-CSharp.dll / GServer.DM.Init / GActionCard.CellID,a113,F81A4DE0077AA30B
PermCard_003,废料场,Assembly-CSharp.dll / GServer.DM.Init / GActionCard.CellID,a114,F81A4DE0077AA30B
PermCard_004,地狱,Assembly-CSharp.dll / GServer.DM.Init / GActionCard.CellID,a115,B13C4DE007D7F40E
PermCard_005,办公楼,Assembly-CSharp.dll / GServer.DM.Init / GActionCard.CellID,a116,E0094DE007D78709
PermCard_006,法院,Assembly-CSharp.dll / GServer.DM.Init / GActionCard.CellID,a117,D6534DE007B18E10
PermCard_007,赌场,Assembly-CSharp.dll / GServer.DM.Init / GActionCard.CellID,a118,C74C4DE007B1300F
PermCard_008,赌场,Assembly-CSharp.dll / GServer.DM.Init / GActionCard.CellID,a119,C74C4DE007B1300F
PermCard_009,工厂,Assembly-CSharp.dll / GServer.DM.Init / GActionCard.CellID,a120,A3104DE0070FFA0A
PermCard_010,工厂,Assembly-CSharp.dll / GServer.DM.Init / GActionCard.CellID,a121,A3104DE0070FFA0A
PermCard_011,工厂,Assembly-CSharp.dll / GServer.DM.Init / GActionCard.CellID,a122,A3104DE0070FFA0A
PermCard_012,工厂,Assembly-CSharp.dll / GServer.DM.Init / GActionCard.CellID,a123,A3104DE0070FFA0A
PermCard_013,工厂,Assembly-CSharp.dll / GServer.DM.Init / GActionCard.CellID,a124,A3104DE0070FFA0A
PermCard_014,银行,Assembly-CSharp.dll / GServer.DM.Init / GActionCard.CellID,a125,A1024DE007D4D508
PermCard_015,银行,Assembly-CSharp.dll / GServer.DM.Init / GActionCard.CellID,a126,A1024DE007D4D508
PermCard_016,银行,Assembly-CSharp.dll / GServer.DM.Init / GActionCard.CellID,a127,A1024DE007D4D508
