image,image_path,image_exists,internal_key,card_type_zh,zh_name,zh_description,zh_flavor,zh_extra_texts,en_name,en_description,en_flavor,source_rows,source_slots,notes
ab001.png,card_images_full/ab001.png,是,ActionCard_001,行动牌,游说,选择任意其他玩家：-{1}&。,真相是精心编造的谎言。,,Propaganda,Choose any other player: -{1}&.,A truth is a well-financed lie.,"89,90,91","0105,0106,0107",
ab002.png,card_images_full/ab002.png,是,ActionCard_002,行动牌,言而无信,+{1}次额外的走牌。,"“你很诚实还是很聪明？”
——某公关公司求职申请表的问题",,Spinning the truth,+{1} extra turn.,"""Are you honest or are you smart?"" – one of the opening questions on the job application form of a successful PR agency.","93,94,95","0109,010a,010b",
ab003.png,card_images_full/ab003.png,是,ActionCard_003,行动牌,办公楼一日,"获得|。
你可以再使用一张卡牌。",客户永远是对的，直到他们的钱花光了。,,A day at the office,Get |. You can play another card.,The client is always right – until their money runs out.,"96,97,98","010d,010e,010f",
ab004.png,card_images_full/ab004.png,是,ActionCard_004,行动牌,自主选购,"从整副牌中抽取{1}张卡牌。
保留1张，丢弃其余卡牌。","“该去哪去哪，该拿啥拿啥”
——那个谁给那个谁（你懂的）下了一道命令",,Custom order,"Draw {1} cards from the deck. Keep 1, discard the rest.","""Go you-know-where and get you-know-what"" – an order from You-know-who to You-know-whom.","99,100,101","0111,0112,0113",
ab005.png,card_images_full/ab005.png,是,ActionCard_005,行动牌,划算买卖,签合同之前，请再三确认是你在昧着良心欺骗合作伙伴，而且合作伙伴没有昧着良心欺骗你。,,,A good deal,"Before you sign any contract, double check that it is you who is the deceiving party to the agreement and not the other way around.",,"103,104","0115,0116",
ab006.png,card_images_full/ab006.png,是,ActionCard_006,行动牌,外快,小魔怪通常很擅长赚外快，因为这类收入不用交税。不过话说回来，“外快”赚得又不快，为啥要叫“外快”呢？,,,A moonlight job,Gremlins are usually pretty good at moonlight jobs since they don't pay any taxes on such activities. It's odd that a job like that is sometimes called 'an odd job'.,,"105,106","0119,011a",
ab007.png,card_images_full/ab007.png,是,ActionCard_007,行动牌,大善人,金钱本无味，如果你的大善人给它狂喷古龙香水，金钱就会散发铜臭味了。,,,A benefactor,The money does not stink (unless your benefactor uses too much cologne).,,"107,108","011d,011e",
ab008.png,card_images_full/ab008.png,是,ActionCard_008,行动牌,伪善法警,"选择任意玩家。
该玩家给你{1}$。",一个社会，只有当强盗不再是匪徒，而是受人敬仰的掌权者时，才堪称“文明社会”。,,A friendly bailiff,Choose any player: they give you {1}$.,"A society can be characterized as truly civilized if the robbers are not bandits, but rather respectable persons in the positions of authority.","109,110,111","0121,0122,0123",
ab009.png,card_images_full/ab009.png,是,ActionCard_009,行动牌,推销,质量算什么？宣传才是王道。,,,Advertising,Quality is nothing. Advertising is everything.,,"113,114","0125,0126",
ab010.png,card_images_full/ab010.png,是,ActionCard_010,行动牌,削弱竞争,"选择任意玩家。
该玩家给你{1}*。",身处激烈竞争，当如履薄冰。,,Undercutting the competition,Choose any player: they give you {1}*.,"If you have a lot of competitors, better get used to always checking where you put your feet.","115,116,117","0129,012a,012b",
ab011.png,card_images_full/ab011.png,是,ActionCard_011,行动牌,重新分配,"其他每个玩家给你{1}$并失去{2}^。 
如果你的金币最少，则收获翻倍。",最有才华的演员往往在慈善机构工作，而非剧院。,,Fundraising,"Every other player: -{2}^, gives you {1}$. If you have the least $, they give you twice as much.","The most talented actors work in charities, not in theatres.","119,120,121","012d,012e,012f",
ab012.png,card_images_full/ab012.png,是,ActionCard_012,行动牌,奇思妙想,,勤奋是成功之母。不屈从勤奋，则为天分。,,A contraption,,Diligence is the mother of success. What does not bend to the diligence is called nature.,"122,123","0131,0133",
ab013.png,card_images_full/ab013.png,是,ActionCard_013,行动牌,手工装置,机械设计有一个简单法则：用处越小的装置外表越精美。,,,An artifact,"There is a simple rule in engineering: the less useful a device, the more complicated are its looks.",,"124,125","0135,0136",
ab014.png,card_images_full/ab014.png,是,ActionCard_014,行动牌,逆天神器,如有神助,,,The Golly Gosh machine,Deus Ex Machina,,"126,127","0139,013a",
ab015.png,card_images_full/ab015.png,是,ActionCard_015,行动牌,永动机,"[m]
如果使用此卡牌移动： -{1}$。",一切都是浮云，唯有真爱永驻。,,Perpetuum mobile,"[m]
-{1}$ if you use this card to move.",All we are is dust. Only love is eternal.,"128,129,130","013d,013e,013f",
ab016.png,card_images_full/ab016.png,是,ActionCard_016,行动牌,厄运枪,"选择任意其他玩家。
该玩家遭遇厄运。","“要在神界发明危险武器确实困难，但绝非不可能。”
——发明家科布斯的遗言",,The Misfortugun,Choose any other player: they get a Misfortune.,"""To invent a dangerous weapon in the world of the immortals is a difficult task, but not impossible"" – the last words of Kubbs the Inventor.","131,132,133","0141,0142,0143",
ab017.png,card_images_full/ab017.png,是,ActionCard_017,行动牌,超实用装置,"[m]
如果使用此卡牌移动： +{1}^。",超实用装置最艰难的任务是了解客户，然后在客户需要帮助时能伸出援手。,,The most helpful apparatus,"[m] 
+{1}^ if you use this card to move.","The hardest task of the Most Helpful Apparatus is to apprehend its client, then keep them in place – while the help is being inflicted.","135,136,137","0145,0146,0147",
ab018.png,card_images_full/ab018.png,是,ActionCard_018,行动牌,一流移位机,瞬移到任意站点或建筑。,客户无须担忧：即便传送过程中发生差错，我们特训的专业团队也能保证，将传送分解后的身体部件重新组装成完整的人体。,,A first class teleporter,Teleport anywhere.,"The client can stop worrying: even if an error occurs during the translocation, a team of highly trained professionals guarantees the complete re-assembly of the individual from the separate parts delivered by the teleporter.","138,139,140","0149,014a,014b",
ab019.png,card_images_full/ab019.png,是,ActionCard_019,行动牌,民主之声,"[m]
如果使用此卡牌移动：-{1}&。",只要说得响亮，谎言也能成真。,,The megaphone of democracy,"[m] 
-{1}& if you use this card to move.","If you say it loud enough, any lie becomes the truth.","141,142,143","014d,014e,014f",
ab020.png,card_images_full/ab020.png,是,ActionCard_020,行动牌,政治经营,厂子开得最大的老板，往往是选民最死忠的那个，你说怪不怪？,,,The vote factory,Have you ever wondered why it's always the owners of the largest factories that enjoy the most loyal electorate?,You can play another card.,"144,145","0151,0152",
ab021.png,card_images_full/ab021.png,是,ActionCard_021,行动牌,奔跑的炸弹,你必须丢弃任意玩家手上一张激活的永久卡牌。,"“快看，什么在追着我们跑？”
——扫雷机器人的遗言",,The runner bomb,You must discard 1 active permanent card of any player.,"""Hey, what's this thing running after us?"" – the last words of a minesweeping robot.","146,147,148","0155,0156,0157",
ab022.png,card_images_full/ab022.png,是,ActionCard_022,行动牌,装腔作势,"触发赌博站点效果，并额外获得等同于骰子点数的&。
[m]
要使用此卡牌移动，则掷骰子并相应地移动。",做什么事不重要，重要的是表面文章要做好。,,A poseur,"Use the Gamble spot mechanic. In addition to its results: + as many & as the number rolled on the dice.
[m] 
To use this card to move, roll the dice and move accordingly.","It's not what you do, it's how good you look doing it.","150,151,152","0159,015a,015b",
ab023.png,card_images_full/ab023.png,是,ActionCard_023,行动牌,恶作剧,选择任意玩家进行位置交换（交换后所在位置的规则不会触发）。,即便占据天时地利的人不是你，总有机会可以补救。,,A prank,Choose any player: they swap places with you (the rules of the places where you both land are not triggered).,"If it's not you who ends up in the right place at the right time, there's always a way to fix that.","153,154,155","015d,015e,015f",
ab024.png,card_images_full/ab024.png,是,ActionCard_024,行动牌,翻筋斗,"瞬移到任意赌博站点。
[m]
如果使用此卡牌移动： -{1}$，+{2}次额外的走牌。",要翻得又高落地又稳才行。,,A somersault,"Teleport to any Gamble spot. 
[m] 
-{1}$, +{2} extra turn if you use this card to move.",The ability to jump high is beneficial only in a combination with the ability to land safely.,"157,158,159","0161,0162,0163",
ab025.png,card_images_full/ab025.png,是,ActionCard_025,行动牌,开张大礼,你要是真赢到了什么值钱货，那准是分奖委员会里有人出了大岔子。,,,The Opening Day gift,"If you win something truly valuable, someone in the prize distribution commitee has made a big mistake.",,"160,161","0165,0166",
ab026.png,card_images_full/ab026.png,是,ActionCard_026,行动牌,头奖！,,能带来幸福的不是中奖本身，而是奖金的金额。,,Send,,"It's not the money per se, but the amount of it that brings true happiness.","162,163","0169,016b",
ab027.png,card_images_full/ab027.png,是,ActionCard_027,行动牌,轻松赌博,"在赌场中赌博。+{1}次额外的走牌。
如果你赢了，获得三倍的金额。
如果你输掉的$多于所拥有的，则不会获得^。",那些说赌博只是为了找乐子的人，既不懂何为乐趣，也不懂何为赌博。,,Easy gamble,"Gamble in the Casino. If you win, your winnings triple. If you lose more $ than you have, you don't get ^. +{1} extra turn.","Those who say that having fun is the most important reason to gamble, have no comprehension of neither fun nor gambling.","164,165,166","016d,016e,016f",
ab028.png,card_images_full/ab028.png,是,ActionCard_028,行动牌,满满当当,"“赢钱越多，要越早脱身。”
——小魔怪谚语",,,A bucket of quarters,"""The more you win, the faster you should leave"" – a gremlin proverb.",,"167,168","0171,0172",
ab029.png,card_images_full/ab029.png,是,ActionCard_029,行动牌,大家一起跳！,虽然小魔怪未将音乐视为一种艺术形式，但他们偶尔会利用乐器来吸引注意力或使其竞争对手闭嘴。,,,Everybody dance!,"While gremlins do not recognize music as an art form, sometimes they utilize musical instruments to attract the attention of their electorate or to shut up their political rivals.",,"169,170","0175,0176",
ab030.png,card_images_full/ab030.png,是,ActionCard_030,行动牌,幸运币,"在赌场中赌博。
你可以再掷两次骰子。
只有最后一次掷骰子结果算数。",真正的幸运骰子是让你只赢不输的骰子。,,Yet another chance,Gamble in the Casino. You can re-roll the dice twice. Only the result of the last roll counts.,A lucky coin does not have a flip side.,"171,172,173","0179,017a,017b",
ab031.png,card_images_full/ab031.png,是,ActionCard_031,行动牌,作弊！,"[m]
使用此卡牌移动时，你可以逆着箭头方向移动。",牌堆里“王牌”的数量与玩家的“牌技”成正比。,,Cheating!,"[m] 
You can move against the arrows when you use this card to move.",The number of aces in the deck is directly proportional to the skill of the players.,"174,175,176","017d,017e,017f",
ab032.png,card_images_full/ab032.png,是,ActionCard_032,行动牌,煽动叛乱,"掷骰子。
如果掷到{1}以下，则你被逮捕。",谋权之路常常通向监狱。,,Advocating for rebellion,Roll the dice. If you roll {1} or less: you are arrested.,It is not unusual for the road to power to lead through a prison cell.,"178,179,180","0181,0182,0183",
ab033.png,card_images_full/ab033.png,是,ActionCard_033,行动牌,动人的演讲,要想高明地欺骗民众，你必须先相信自己的谎言。,,,A touching speech,"To skilfully fool the crowd, you must learn to believe your own lies.",,"182,183","0185,0186",
ab034.png,card_images_full/ab034.png,是,ActionCard_034,行动牌,告密,"选择任意其他玩家。
该玩家支付$（等于其^x{1}）。
如果不能付清，则该玩家被逮捕。",所谓告密者，不过是读者圈子极小的记者罢了。,,A tip-off,"Choose any other player: they pay $ equal to their ^x{1}. If full payment cannot be made, they are arrested.",A snitch is simply a journalist with a very narrow circle of readers.,"184,185,186","0189,018a,018b",
ab035.png,card_images_full/ab035.png,是,ActionCard_035,行动牌,暗箱操作,,高手操弄民意于投票之前，庸才方才篡改数据于计票之中。,,Vote rigging,,The election results are falsified only by those who failed to fool the voters in advance.,"187,188","018d,018f",
ab036.png,card_images_full/ab036.png,是,ActionCard_036,行动牌,揭露真面目,^最高的玩家（包括你）：-{1}&，揭开其手牌。,撕掉对手的面具时，小心不要丢了自己的面具。,,The unmasking,"A player with the highest ^ (including you): -{1}&, reveals their hand.","When tearing masks off your opponents, be careful not to lose your own.","189,190,191","0191,0192,0193",
ab037.png,card_images_full/ab037.png,是,ActionCard_037,行动牌,妥协协议,镇长：-{1}&，+{2}^，不再担任镇长。你可以再使用一张卡牌。,哪里有清白的镇长？不过是黑材料还没曝光罢了。,,Kompromat,"The Governor: -{1}&, +{2}^, stops being the Governor. You can play another card.",There are no honest governors – just those whose compromising files haven't been published yet.,"192,193,194","0195,0196,0197",
ab038.png,card_images_full/ab038.png,是,ActionCard_038,行动牌,弹劾！,镇长被逮捕。 选举开始。,输赢难定。他们只是被监禁而已。,,Impeachment!,The Governor is arrested. Elections begin.,Winners are not judged. They are simply incarcerated.,"195,196,197","0199,019a,019b",
ab039.png,card_images_full/ab039.png,是,ActionCard_039,行动牌,欠条,"选择任意玩家。
该玩家给你{1}$。",听起来荒谬，但欠条这东西，有时连当引火纸的资格都没有。,,An IOU,Choose any player: they give you {1}$.,"As unlikely as it seems, IOUs are sometimes used for more than just starting a fire.","198,199,200","019d,019e,019f",
ab040.png,card_images_full/ab040.png,是,ActionCard_040,行动牌,不在场证明,其他每个玩家：+{1}^。,事先备好天衣无缝的不在场证明，能让犯罪的乐趣倍增。,,An alibi,Every other player: +{1}^.,Committing crimes is much more enjoyable when you secure a watertight alibi in advance.,"201,202,203","01a1,01a2,01a3",
ab041.png,card_images_full/ab041.png,是,ActionCard_041,行动牌,损失和诉讼费,"选择任意其他玩家。
该玩家失去{1}$。
你获得失去金额的一半。
如果不能付清，则该玩家被逮捕。",要在法庭上坐实别人欠你钱（实际可能没有），关键看你愿意分给法官几成。,,Damage and Legal Costs,"Choose any other player: they pay {1}$. You get half of what was paid. If full payment cannot be made, they are arrested.","To prove in court that someone owes you money, when they actually might not, one must understand which proportion of the ""debt"" one should offer to the judge.""","204,205,206","01a5,01a6,01a7",
ab042.png,card_images_full/ab042.png,是,ActionCard_042,行动牌,没收,选择其他玩家的任意一张激活的永久卡牌。该玩家可以选择给你该卡牌或{1}*。,偷抢比干活赚钱来得快；不光来钱快，心里也更痛快。,,Confiscation,"Choose any active permanent card of any other player. They must give you that card, or {1}*.","To steal something is always more profitable than to create that something – moreover, it is also much more pleasant.","207,208,209","01a9,01aa,01ab",
ab043.png,card_images_full/ab043.png,是,ActionCard_043,行动牌,搜身,"查看任意其他玩家的手牌。
每发现一张秘密或罪恶卡牌，该玩家给你{1}$。",就算你把“天界全包度假券”和“搜查令”摆在警察面前，他们也会毫不犹豫地选择后者。,,Personal search,Look at the hand of any other player: they give you {1}$ for each criminal or secret card discovered.,"If you offer a policeman the choice between carrying out a search warrant or going on an all-inclusive trip to a resort on the Astral Plane, they will most likely choose the warrant.","212,213,214","01ad,01ae,01af",
ab044.png,card_images_full/ab044.png,是,ActionCard_044,行动牌,伸张正义,"选择任意玩家。该玩家给你{1}*。
如果该玩家拥有最高的^，则被逮捕。",高价帮助罪犯的人并不一定是犯罪同伙，还可能是律师。,,Justice is served,"Choose any player: they give you {1}*; if they have the highest ^, they are arrested.",Those who help criminals for a good price are not always their partners in crime. Oftentimes they are called lawyers.,"217,218,219","01b1,01b2,01b3",
ab045.png,card_images_full/ab045.png,是,ActionCard_045,行动牌,财产税,其他玩家每拥有一张当前已激活的永久卡牌，则给你{1}$。,有时，他人的财产也能帮你赚钱。,,Real estate tax,Every player gives you {1}$ for each of their active permanent cards.,"At times, other people's property can be profitable.","220,221,222","01b5,01b6,01b7",
ab046.png,card_images_full/ab046.png,是,ActionCard_046,行动牌,清剿行动,"查看任意其他玩家的手牌。
你可丢弃其任意数量的手牌：每丢弃一张卡牌，你获得{1}^。
这个站点的规则不会影响你。",如果是警察（而非守卫）开展清剿行动，赃款就会翻倍。,,"Operation ""Clean Hands""","Look at the hand of any other player. You can discard any cards from their hand, you get {1}^ for each card discarded. The rules of this spot do not affect you.","If the police, and not the janitors, are in charge of the cleanup, the amount of dirt is likely to double.","223,224,225","01b9,01ba,01bb",
ab047.png,card_images_full/ab047.png,是,ActionCard_047,行动牌,诬陷,"选择任意其他玩家。
该玩家被逮捕。
这个站点的规则不会影响你。",找对人，说对话，则可能让世界变得“更好”。当然，这“更好”得是对你而言。,,A set-up,Choose any other player: they are arrested. The rules of this spot do not affect you.,"Drop the right word into the right ear, and you might radically change the world for the better (if we take 'better' to mean 'better for you', of course).","227,228,229","01bd,01be,01bf",
ab048.png,card_images_full/ab048.png,是,ActionCard_048,行动牌,视察,"选择任意其他玩家。指定站点或建筑。看看其手牌。对于每张可以使用的卡牌，该玩家给你{1}$或丢弃该卡牌。
这个站点的规则不会影响你。","“钞票足够厚，违禁随便走。”
——小魔怪谚语",,An inspection,"Choose any other player. Choose a place. Look at their hand. For each card that can be played there, they give you {1}$ or discard the card. The rules of this spot do not affect you.","""A thick wad of cash can hide any sort of contraband"" – a gremlin proverb.","230,231,232","01c1,01c2,01c3",
ab049.png,card_images_full/ab049.png,是,ActionCard_049,行动牌,调查,"查看任意其他玩家的手牌，然后丢弃其中1张卡牌。
瞬移到可使用此卡牌的站点或建筑。",据最新研究表明，最严重的损失不是因犯罪而造成，而是因试图在调查中复制犯罪的警察而导致。,,Random,"Look at the hand of any other player: discard 1 card from their hand, teleport to the place where this card can be played.","According to the latest research, the biggest losses are caused not by the crimes committed, but by the policemen trying to replicate them in the course of their investigation.","236,237,238","01c5,01c6,01c7",
ab050.png,card_images_full/ab050.png,是,ActionCard_050,行动牌,警察飞船,瞬移到法院或办公楼。,有时，警车不会直接送你入狱...,,The Police dirigible,Teleport to the Court or to the Office.,Sometimes the police car can take you further than the nearest jail…,"240,241,242","01c9,01ca,01cb",
ab051.png,card_images_full/ab051.png,是,ActionCard_051,行动牌,官僚奇迹,"选择任意其他玩家。该玩家支付他的~x{1}（镇长无需支付）。如果不能付清，则该玩家被逮捕。
这个站点的规则不会影响你。",没有金钱，就没有爱情。,,The miracles of bureaucracy,"Choose any other player, who pays their ~x{1} (Governor doesn't pay). If full payment cannot be made, that player is arrested. The rules of this spot do not affect you.",No money — no honey.,"243,244,245","01cd,01ce,01cf",
ab052.png,card_images_full/ab052.png,是,ActionCard_052,行动牌,找对关系,"获得|。
这个站点的规则不会影响你。",如果有人将你收的礼品视为贿赂，那你已然走上了人生巅峰。,,The right connections,Get |. The rules of this spot do not affect you.,You have attained the proper position in life when any gift you receive may be considered to be a bribe.,"246,247,248","01d1,01d2,01d3",
ab053.png,card_images_full/ab053.png,是,ActionCard_053,行动牌,有趣的发现,"抽取最后{1}张丢弃的卡牌。
保留1张，丢弃其余卡牌。",粪中寻珠，绝非美差。若求有所获，切记：取海牛之粪，弃陆地之牛。,,An interesting find,"Draw the last {1} cards discarded. Keep 1, discard the rest.","The search for pearls in dung is not the most desirable job in the world. To increase the odds of finding some pearls, make sure that the dung comes from the sea cows, not the land cows.","249,250,251","01d5,01d6,01d7",
ab054.png,card_images_full/ab054.png,是,ActionCard_054,行动牌,一跃千里,瞬移到市场或工厂。,发明家首次成功演示了这个弹簧驱动的交通工具后，至今下落不明。,,The Jumponator,Teleport to the Marketplace or to the Plant.,"The inventor of this spring-powered transportation tool hasn't been located yet, following the initial successful demonstration of the invention.","253,254,255","01d9,01da,01db",
ab055.png,card_images_full/ab055.png,是,ActionCard_055,行动牌,藏匿之所,瞬移到藏宝阁。,只有疯子才会把财宝藏进垃圾场，还以为不会有人去那儿寻宝。幸好我们周围从不缺这样的疯子。,,The stash,Teleport to the Treasure.,"You have to be mad to stash your treasures in the dump in the elusive hope that no one searches for gold there. Thankfully, such hope dies last.","256,257,258","01dd,01de,01df",
ab056.png,card_images_full/ab056.png,是,ActionCard_056,行动牌,秘密计划,,“一切秘密终将大白于天下”，这不过是长舌妇为自己管不住嘴而编造的借口。,,A secret project,,"The phrase ""all secrets shall be revealed"" is an excuse coined by blabbermouths who simply cannot keep secrets.","259,260","01e1,01e3",
ab057.png,card_images_full/ab057.png,是,ActionCard_057,行动牌,水军薄禄,"“第 74 条建议：先将老实蠢货逼至赤贫，再花五毛钱收购其选票。”
——摘自《小魔怪民主纲要》",,,Pittance,"""Advice №74: bring honest fools to the brink of poverty, then buy their votes for a penny"" (from ""The Basics of the Gremlin Democracy"").",,"261,262","01e5,01e6",
ab058.png,card_images_full/ab058.png,是,ActionCard_058,行动牌,小玩意,"“有用就行。谁管它是用什么做的？”
——愤怒的发明家",,,A gadget,"""It works, so who cares what it's made of?"" – an offended inventor.",,"263,264","01e9,01ea",
ab059.png,card_images_full/ab059.png,是,ActionCard_059,行动牌,二手货,"你可以再使用一张卡牌。
[m]
要使用此卡牌移动，请选择另一名玩家。从其手牌中随机抽取一张卡牌，按该卡牌移动。",一件破烂在跳蚤市场转手得越频繁，它作为“真古董”的身价就越高。,,Second-hand,"You can play another card. 
[m] 
If you use this card to move, choose another player. A random card is drawn from their hand: use it to move.","The more often the same trash ends up on the flea market, the higher its value as 'the authentic antique'.","265,266,267","01ed,01ee,01ef",
ab060.png,card_images_full/ab060.png,是,ActionCard_060,行动牌,装饰品,"“我们通常把这东西做成子弹，但我只要给它加上一条尾巴，再把它整个调转方向，这不就成了个小火箭嘛，准行！” 
——号称“万物皆可造”的工匠大师",,,A knick-knack,"""We usually make bullets out of this, but I can add a tail and turn it the other way around. That should do the trick!"" (the motto of a master locally known as someone who could make everything out of anything).",,"268,269","01f1,01f2",
ab061.png,card_images_full/ab061.png,是,ActionCard_061,行动牌,拍卖,每个玩家出一个价。出价最高的玩家：支付出价金额，并获得{1}*。,拍卖的实际赢家不是出价最高的人，而是组织整个活动的人。,,An auction,"Every player makes a bid. The highest bidder: pays their bid, +{1}*.","The real winner of the auction is not the person who bids the highest, but the person who organizes the whole thing.","270,271,272","01f5,01f6,01f7",
ab062.png,card_images_full/ab062.png,是,ActionCard_062,行动牌,公会服务,"选择任意玩家。
该玩家给你{1}*。",提前打点好贼人，比事后被偷更省钱。,,Guild services,Choose any player: they give you {1}*.,Sometimes it's cheaper to pay off the thieves than to become their victim.,"273,274,275","01f9,01fa,01fb",
ab063.png,card_images_full/ab063.png,否,ActionCard_063,行动牌,诚信交易,"选择任意玩家。
该玩家给你{1}$并与你交换手牌。",你有没有想过，为什么“兄弟”和“凶敌”读音如此相似？,,An honest exchange,Choose any player: they give you {1}$ and swap their hand with you.,"The words 'cheating' and 'changing' have more in common than one may have thought, really.","276,277,278","01fd,01fe,01ff",导出图片目录中没有这个文件
ab064.png,card_images_full/ab064.png,是,ActionCard_064,行动牌,免罪符,"选择任意玩家。
该玩家给你$（等于其^x{1}）。",花一两个钱赦免罪过是绝顶聪明的发明。即使在不信仰宗教的小魔怪社会，也将这项发明运用得淋漓尽致。,,Indulgences,Choose any player: they give you $ equal to their ^x{1}.,"The very concept of the abolition of sins for a coin or two was such a great invention that the gremlin society, despite its general disregard of any sort of religion, quickly adopted it as one of the everyday services.","280,281,282","0201,0202,0203",
ab065.png,card_images_full/ab065.png,是,ActionCard_065,行动牌,古玩,,真正的推销员会让顾客相信：如果不立刻买下他的古董，他们的好日子就算到头了。,,A curio,,A true salesman can persuade any customers that their continued existence would be irreversibly compromised without immediately purchasing the product on offer.,"283,284","0205,0207",
ab066.png,card_images_full/ab066.png,是,ActionCard_066,行动牌,巧夺先机,"瞬移到任意站点或建筑。
[m]
使用此卡牌移动时，支付{1}$可将移动点数更改为4。","“虽然我们可以制造自动运输的马车，但人工拉车更赚钱，因为客户如果看到赶车人这么卖命，出的钱就会多得多。”
——摘自小魔怪第一星路公司董事会议的记录",,Fast and fair,"Teleport anywhere. 
[m] 
When you use this card to move, you can pay {1}$ to change move points to 4.","While we can make the carriages run on their own, it is more profitable to have them driven manually as clients are willing to pay much more when they see how our drivers exhaust themselves with effort"" – from the notes of the board meeting of First Gremlin Astralways Co.","285,286,287","0209,020a,020b",
ab067.png,card_images_full/ab067.png,是,ActionCard_067,行动牌,销赃聚财,选择任意其他玩家：-{1}*。,"“窃人之所窃，罪否？”
——小魔怪谚语",,A fence,Choose any other player: -{1}*.,"""It's not a crime if one steals something that was already stolen in the first place"" (a gremlin proverb).","288,289,290","020d,020e,020f",
ab068.png,card_images_full/ab068.png,是,ActionCard_068,行动牌,诽谤,选择任意其他玩家：-{1}&。,撒谎高手就像工程师：他们使用承诺、奉承和造假来制造最精密的机器，这种机器的功效比任何实物机器都强大得多。,,Slander,Choose any other player: -{1}&.,"A good liar is like an engineer: from promises, flattery and disinformation they create the finest mechanisms, capable of far greater deeds than any material apparatus.","291,292,293","0211,0212,0213",
ab069.png,card_images_full/ab069.png,是,ActionCard_069,行动牌,钱袋,贪婪的人会付两次钱，但还比不上慷慨的人一次付得多。,,,A bag of money,"The greedy pay twice, which still adds up to less than what the generous pay once.",,"294,295","0215,0216",
ab070.png,card_images_full/ab070.png,是,ActionCard_070,行动牌,敲诈！,"[i]
交锋时，你可以丢弃此卡牌，并将与你交锋的玩家遣送到远离你的站点（甚至可以逆着箭头行走）。

你的对手向你支付 $50","— 给我钱，我保护你不受伤害。 
— 不受谁伤害？ 
— 不受我伤害。",,Racketeering!,"[i]
While in conflict you can discard this card and put a player you are in conflict with one spot away from you (even against the arrows).
Your opponent pays you $50","– Pay me, and I'll protect you. 
– From whom? 
– From me.","296,297,298","0219,021a,021b",
ab071.png,card_images_full/ab071.png,是,ActionCard_071,行动牌,稀世珍宝,许多手工珍宝都难得一见，因为这些珍宝的出现本就是个错误，毫无用处可言。但这并不妨碍一些人将珍宝卖给出大价钱的收藏家。,,,A rare find,"A lot of hand-made rarities are so hard to find because they were originally made by mistake and are completely useless in real life. This, however, does not mean that they cannot be sold to collectors for large amounts of money.",,"299,300","021d,021e",
ab072.png,card_images_full/ab072.png,是,ActionCard_072,行动牌,暴利买卖,在任何买卖中，总有一方从另一方的不幸中获利。如果有一桩买卖双方都获利，那双方的利益来自没有参与这桩买卖的第三者的不幸。通常这“第三者”是指百姓。,|+{1}。,,A lucrative deal,"In any deal one side profits from the misfortune of the other. If there is a deal where both sides seem to profit, then they profit from the misfortune of a third party not mentioned in the deal.",|+{1}.,"301,303,302","0221,0222,0223",
ab073.png,card_images_full/ab073.png,是,ActionCard_073,行动牌,大扫除！,丢弃你的手牌：每丢弃一张卡牌，+{1}$。,​愚笨的人处理垃圾是直接扔掉。而聪明的人将其特价出售，从中获利。,,Clearance!,Discard any cards from your hand: +{1}$ for each card discarded.,"Stupid people get rid of their trash by paying for recycling. Smart people profit from the same by calling it a ""sale"" and charging money for that trash.","304,305,306","0225,0226,0227",
ab074.png,card_images_full/ab074.png,是,ActionCard_074,行动牌,魔幻饰品,"搜寻宝藏。你可以再掷一次骰子。
只有最后一次掷骰子结果算数。
[m] 
如果使用此卡牌移动：+{1}$。",这一神秘的护身符魔力不小，可以让戴上它的人脖子看上去很滑稽。,,A magic trinket,"Search for treasure. You can re-roll the dice once. Only the result of the last roll counts.
[m] 
+{1}$ if you use this card to move.",This mysterious amulet has the power to look ridiculous on the neck of any wearer.,"308,309,310","0229,022a,022b",
ab075.png,card_images_full/ab075.png,是,ActionCard_075,行动牌,巫毒娃娃,选择任意其他玩家：-{1}*。,如果你相信巫毒娃娃的魔法只对相信它的人管用，那也会对你管用。,,A voodoo doll,Choose any other player: -{1}*.,"If you believe that the voodoo magic only works on those who believe in it, then it works on you too.","311,312,313","022d,022e,022f",
ab076.png,card_images_full/ab076.png,是,ActionCard_076,行动牌,魔咒之剑,"[m]
如果使用此卡牌移动，则跳过{1}次走牌。",有些东西很难甩掉。尤其是在它喜欢缠着你的情况下。,,An accursed sword,"[m] 
Skip {1} turn if you use this card to move.",There are things that are very hard to get rid of. Especially if they like you.,"314,315,316","0231,0232,0233",
ab077.png,card_images_full/ab077.png,是,ActionCard_077,行动牌,笑脸戒指,据说，如果你将这枚戒指扔进火中，便会浮现如下铭文：“若上天未予你迷人笑脸，此戒予你。”只是，经此一炼，戒指上的笑脸会变得…僵硬几分。,,,The ring of charm,"They say that if you throw this ring into a fire, the following message appears: ""If Nature Did Not Grant You Charming Smile, This Ring Will"". However, after this kind of treatment the smile on the ring becomes a little bit tighter.",Players with ^ higher than yours: give you {1}$ each.,"317,318","0235,0236",
ab078.png,card_images_full/ab078.png,是,ActionCard_078,行动牌,古代经文,从整副牌中抽取{1}张卡牌加入手牌，保留6张，丢弃其余卡牌。,任何平庸之言，一旦书于羊皮纸，再于尘封的箱柜中度过千载，在发现者眼中，便会获得深邃的寓意与惊人的价值。,,Ancient scriptures,"Add {1} cards from the deck to your hand. Keep 6, discard the rest.",Every banality written on a parchment that spent at least a thousand years in some dusty chest gains a deep hidden meaning and incredible value in the eyes of the person who found it.,"319,320,321","0239,023a,023b",
ab079.png,card_images_full/ab079.png,是,ActionCard_079,行动牌,秘密宝藏,寻宝藏并不难。难的是分宝藏。,,,Hidden treasure,Finding treasure is not that difficult. The problems begin when it comes to sharing the spoils.,,"323,324","023d,023e",
ab080.png,card_images_full/ab080.png,是,ActionCard_080,行动牌,萨满的魔杖,"选择任意其他玩家。
该玩家遭遇厄运。",不是所有蘑菇都能吃。,,A shaman staff,Choose any other player: they get a Misfortune.,Not all mushrooms are equally healthy.,"325,326,327","0241,0242,0243",
ab081.png,card_images_full/ab081.png,是,ActionCard_081,行动牌,神灯精灵,+{1}$或+{2}&或+{3}*。（可自由选择）。,“是的，是的，我是神灯的奴隶，神灯主人的奴隶。千万不要打开电源，拜托了！”,,The genie in the lamp,+{1}$ or +{2}& or +{3}* (your choice).,"""Yes, yes, I am the slave of the lamp, and the slave of the one who controls the lamp. Just don't turn on the electricity, please!""","328,329,330","0245,0246,0247",
ab082.png,card_images_full/ab082.png,是,ActionCard_082,行动牌,旧债,就算赌债是天经地义的，也不代表占有赌债的是正人君子。,,,Old debts,The fact that gambling debts are considered sacred does not mean that their appropriation is handled by angels.,,"332,333","0249,024a",
ab083.png,card_images_full/ab083.png,是,ActionCard_083,行动牌,银行家收益,每个玩家给你{1}$。,愚人从自己的错误中吸取教训，聪明人从别人的错误中吸取教训，而天才从所有人的错误中谋利。,,Banker's benefits,Every player gives you {1}$.,"Fools learn from their own mistakes, the wise learn from the mistakes of others, but a genius makes money from them all.","334,335,336","024d,024e,024f",
ab084.png,card_images_full/ab084.png,是,ActionCard_084,行动牌,遗产,在小魔怪的世界，继承一笔遗产象征着鸿运当头，因为小魔怪是没有亲人的，而且长生不老。,,,An inheritance,To receive an inheritance in the world of gremlins is a sign of great luck as they have no family ties and are immortal.,|+{1}.,"337,338","0251,0252",
ab085.png,card_images_full/ab085.png,是,ActionCard_085,行动牌,秘密组织,使用秘密卡牌时：+{1}&。,"“秘密组织的第一条规矩是不要谈论秘密组织。”
——摘自秘密组织的秘密制度的秘密文字",,The secret society,When you play a secret card: +{1}&.,PLAY IN DEMO MODE,"339,340,341","0255,0256,0257",
ab086.png,card_images_full/ab086.png,是,ActionCard_086,行动牌,股息,小魔怪中央银行的存户们至今争论不休：领取股息时，到底是拿到真金白银更痛快，还是看着不得不付钱的银行家那一脸酸涩的笑容更过瘾。,获得双倍|。,,Dividends,"Depositors of the Central Gremlin Bank to this day cannot agree which part of receiving dividends is the most pleasant: getting the actual money paid, or seeing the sour smile on the face of the banker who has to pay them.",Get | twice.,"342,344,343","0259,025a,025b",
ab087.png,card_images_full/ab087.png,是,ActionCard_087,行动牌,诈骗交易,"选择任意其他玩家。
该玩家给你{3}$并|-{1}。
你：|+{2}。",所谓“光魔”，就是钱袋光光的小魔怪。,,A fraudulent transaction,"Choose any player: |-{1}, gives you {3}$. You: |+{2}.",A goner is a gremlin whose money is all gone.,"345,346,347","025d,025e,025f",
ab088.png,card_images_full/ab088.png,是,ActionCard_088,行动牌,抢劫！,每个玩家（包括你）：|-{1}。,通常，抢劫不是犯罪，而是重新分配贵重财产的高效途径，还避开了烦琐的市场经济和没完没了的繁文缛节。,,Robbery!,Every player (including you): |-{1}.,"In general, a robbery is not a crime, but a more efficient way to redistribute valuables without the disadvantages of the market economy and miles of red tape.","348,349,350","0261,0262,0263",
ab089.png,card_images_full/ab089.png,是,ActionCard_089,行动牌,幸运邂逅,你可以偶遇天界中的任何人。有时候会让你获利不菲。,,,A fortunate encounter,You can meet anyone in the Astral Plane. Sometimes it even brings some profit.,,"351,352","0265,0266",
ab090.png,card_images_full/ab090.png,是,ActionCard_090,行动牌,总统套房,此套房常年被高官包揽。毕竟，精神正常的小魔怪，谁会自掏腰包住这里？,,,The presidential suite,"Usually this suite is booked by high-ranking officials. Most probably, this is because no gremlin in their right mind would pay such a price out of their own pocket.","If you're the Governor: +{1}$, +{2}^.","353,354","0269,026a",
ab091.png,card_images_full/ab091.png,是,ActionCard_091,行动牌,布锐斯任务,"“布锐斯以前是个死灵法师。他想尽办法竟用镰刀作幌子骗过了死神老太婆，逃到了天界。他很快就适应了这里的生活，开始打造自己的小世界。要我说，这家伙可不怎么友善。我可是有幸（也可以说是倒了大霉）见过他一面。”
——魔怪扎尔《半人神养成记》",,,A quest from Beleth,"""Beleth used to be a necromancer. Somehow he managed to fool the Old Hag with the Scythe and escape to the Astral Plane. He quickly made himself at home there and started to make his own little world. Not a very nice fellow, if I may say so, having had the dubious pleasure of meeting him."" – Zarr, ""Being a Demigod for Beginners""",,"355,356","026d,026e",
ab092.png,card_images_full/ab092.png,是,ActionCard_092,行动牌,奥尼尔任务,"“奥尼尔以前是个法师。他想尽办法成为了半人神。也许是在喝醉的时候施了法，也许是玩弄了黑莲花，结果来到了天界。不管怎样，现在他创造了自己的小世界，而且非常体恤民生。好像他还是忘不了根。”
——魔怪扎尔《半人神养成记》",,,A quest from Oinor,"""Oinor used to be a mortal wizard. Somehow he managed to become a Demigod. Perhaps by using magic while drunk, he ended up in the Astral Plane (or maybe by playing around with a Black Lotus?). Anyhow, now he is creating his own little world and is very concerned with the lives of its mortals. It seems that he still cannot forget his roots."" – Zarr, ""Being a Demigod for Beginners""",,"357,358","0271,0272",
ab093.png,card_images_full/ab093.png,是,ActionCard_093,行动牌,安格龙任务,"“安格龙 ——嘿，这可是个有意思的主。‘逆天恶魔’，这头衔听着多带劲，是吧？但他背叛旧主，可不光是觉得自己能耐更大。而是有那么一天，安格龙忽然发现，自己能从折磨凡人这件事里找着乐子。也就是说，他居然还能生出点什么‘感觉’和‘情绪’来。于是他一不做二不休，干脆给自己造了个小世界，好在那儿随心所欲地折磨凡人，痛痛快快地享受。”
——魔怪扎尔《半人神养成记》",,,A quest from Adrageron,"""Adrageron – now, this is an interesting creature. 'The devil who betrayed Chaos' has quite a ring to it, eh? But he did not betray his old master just because he thought he was better. It's just that one day Adrageron realized that he enjoys torturing mortals, that is – that he is capable of some sort of feelings and emotions. And so he did himself a favour by creating his own little world where he can torture mortals to his heart's content."" – Zarr, ""Being a Demigod for Beginners""",,"359,360","0275,0276",
ab094.png,card_images_full/ab094.png,是,ActionCard_094,行动牌,薇安塔任务,"“首先，我们得回忆一下精灵是什么：精灵是居住在埃多尔森林里的原始种族，大部分时间都在醉酒和嬉戏中度过。常年酗酒让他们本就渺小的脑子几乎荡然无存，要不是天生有点魔法本事，我敢说他们早灭绝了。现在，再来想想‘女王’是什么：一种从小被宠坏的角色，除了没完没了地举办招待会和宴会（因为她们实在不知道还有什么更好的法子来打发无聊）之外，啥也不会。最后，把‘精灵’和‘女王’糅到一块儿，你就得到了薇安塔：一个奢华无度、游手好闲的酒鬼。”
——魔怪扎尔《半人神养成记》",,,A quest from Vianta,"""First of all, let's remind ourselves what fairies are: fairies are a primitive people that live in the forests of Eador and spend most of their time getting drunk and playing games. The constant drunkenness has made their already tiny brains almost non-existent and if not for their natural magic abilities, I'm sure they would have become extinct a long time ago. Now let's think about what a queen is: someone spoiled from their birth, who keeps throwing receptions and banquets because they don't know of a better way to rid themselves of boredom. Finally, let us combine fairies and queens, and you have Vianta: a pampered, lazy alcoholic."" – Zarr, ""Being a Demigod for Beginners""",,"361,362","0279,027a",
ab095.png,card_images_full/ab095.png,是,ActionCard_095,行动牌,斯顿雅任务,"“斯顿雅是一名狡猾贪婪的老巫婆，总喜欢装扮成善良的老婆婆，总是狡猾地散布其他半人神的谣言。”
——魔怪扎尔《半人神养成记》",,,A quest from Stenrya,"""Stenrya is a cunning, greedy old witch who loves to pretend to be a nice grandmother. An expert at spreading rumors about other Demigods."" – Zarr, ""Being a Demigod for Beginners""",,"363,364","027d,027e",
ab096.png,card_images_full/ab096.png,是,ActionCard_096,行动牌,罪有应得的假期,^最高的玩家（包括你）：失去{3}$、{1}*和{2}^，然后瞬移到地狱并丢弃手牌；如果最高的是你且你选择留在天界，可再使用一张牌。,作恶者大多在生前便会遭到报应。而这报应往往离不开受害者的亲手推动。,,A well-deserved holiday,"A player with the highest ^ (including you): -{3}$, -{1}*, -{2}^, teleports to the Inferno and discards their hand. If you remain in the Astral Plane, you can play another card.","As a rule, the retribution for one's bad deeds happens while the culprit is still alive. Usually with the active participation of those whom the culprit wronged.","365,366,367","0281,0282,0283",
ab097.png,card_images_full/ab097.png,是,ActionCard_097,行动牌,恶有恶报！,"^最高的玩家（包括你）将遭遇厄运。
你为该玩家选择{1}个厄运中的一个。
厄运站点的规则不会影响你。",善心也不一定有善报。,,Karma!,"A player with the highest ^ (including you) gets a Misfortune (your choice, 1 from {1}). The rules of the Misfortune spot do not affect you.",No good deed goes unpunished.,"368,369,370","0285,0286,0287",
ab098.png,card_images_full/ab098.png,是,ActionCard_098,行动牌,栽赃陷害！,"选择任意其他玩家。
该玩家遭遇厄运。
你为该玩家选择{1}个厄运中的一个。
厄运站点的规则不会影响你。",如果命运决定要赏你一巴掌，谁也挡不住。别挣扎，将另一边脸也转过去给她打。当然，最好是别人的另一边脸。,,Framed!,"Choose any other player: they get a Misfortune (your choice, 1 from {1}). The rules of the Misfortune spot do not affect you.","Should destiny decide to slap you, she will. Do not struggle. Turn the other cheek. Preferably someone else's.","371,372,373","0289,028a,028b",
ab099.png,card_images_full/ab099.png,是,ActionCard_099,行动牌,保险政策,"[i]
如果在交锋中取胜，你可以丢弃此卡牌，便无需支付赌注。",保险推销的终极业务是向长生不老的人推销人寿保险。,,An insurance policy,"[i]
If you win in a conflict you can discard this card instead of paying the money.",The highest skill of an insurance agent is the skill of selling life insurance to immortals.,"374,375,376","028d,028e,028f",
ab100.png,card_images_full/ab100.png,是,ActionCard_100,行动牌,两害取其轻,"你遭遇厄运。
你可以从整副牌中剩下的所有厄运中选择。
厄运站点的规则不会影响你。",“两害取其轻”这个词还不够确切。通常是指“两害取其重，施害于他人”。,,The lesser evil,You get a Misfortune (your choice from all that remain in the deck). The rules of the Misfortune spot do not affect you.,"The term 'the lesser evil' is not entirely accurate. Usually, people mean ""the bigger evil, just not for me"".","377,378,379","0291,0292,0293",
ab101.png,card_images_full/ab101.png,是,ActionCard_101,行动牌,领袖,,宁做垃圾场的场长，不做三宝殿的乞丐。,,Kingpin,,"Better to be the king of a dump, than the bum at a palace.","380,381","0295,0297",
ab102.png,card_images_full/ab102.png,是,ActionCard_102,行动牌,越狱,"瞬移到垃圾场。
+{1}次额外的走牌。",自由，就是你自己可以为所欲为，同时也能禁止他人为所欲为。,,Jailbreak,Teleport to the Dump. +{1} extra turn.,"Freedom is the right to do whatever you please, and to prohibit the others from doing what they please.","382,383,384","0299,029a,029b",
ab103.png,card_images_full/ab103.png,是,ActionCard_103,行动牌,巴结原告律师,"选择任意玩家。该玩家瞬移到监狱并替你服刑（仅当你正在监狱服刑时有效）。
而你瞬移到法院。","“锁已损坏，门打不开，你看着办吧。”
——监狱大门上张贴的通知",,A deal with the prosecution,Choose any player. They teleport to the Jail (only if you have a current jail term) and serve your term. Teleport to the Court.,"""The lock is broken, and the door does not open. Deal with it"" – a notice posted at the entrance to the jail.","385,386,387","029d,029e,029f",
ab104.png,card_images_full/ab104.png,是,ActionCard_104,行动牌,危险装置,如果一个装置是在地狱中制造的，那一定是“危险”品，哪怕它是完全无害的。,,,A dangerous artifact,"If the artifact was made in the Inferno, it will definitely be called 'dangerous' – even if it's completely harmless.",,"388,389","02a1,02a2",
ab105.png,card_images_full/ab105.png,是,ActionCard_105,行动牌,恶魔之职,选择任意其他玩家：-{1}$或-{3}&或-{2}*。（可自由选择）。,你想毁灭什么，暴乱的奴才们会抢着替你办。难就难在，你得全程盯紧，在他们从“帮忙”变成“帮倒忙”的那一瞬间，赶紧叫停。,,Devil's due,Choose any other player: -{1}$ or -{3}& or -{2}* (your choice).,"If you want to destroy something, the servants of Chaos will zealously comply. The trick is to stop them before they destroy more than you initially asked for.","390,391,392","02a5,02a6,02a7",
ab106.png,card_images_full/ab106.png,是,ActionCard_106,行动牌,篡位者,成为镇长。,权力，如果不滥用，则毫无用处。,,The usurper,Become the Governor.,"Power, if not abused, loses its purpose.","393,394,395","02a9,02aa,02ab",
ab107.png,card_images_full/ab107.png,是,ActionCard_107,行动牌,地狱之爱,"选择任意其他玩家。
该玩家遭遇厄运。
你可以从整副牌中剩下的所有厄运中选择。",恶魔是毁灭和破坏之王。他们只策划阴谋、诡计和勾当。,,From Inferno with love,Choose any other player: they get a Misfortune (your choice from all that remain in the deck).,Devils are masters of destruction and devastation. The only thing that they know how to create are problems.,"396,397,398","02ad,02ae,02af",
ab108.png,card_images_full/ab108.png,是,ActionCard_108,行动牌,勾结恶魔,+{1}$或+{2}&或+{3}*。（可自由选择）。,暴乱办公室的告示：“人类狡猾又奸诈。购买一个灵魂时，要确保还没有卖给别人。还有，当心碰到假货。”,,A deal with the devil,+{1}$ or +{2}& or +{3}* (your choice).,"From the instructions in the office of Chaos: ""Mortals are cunning and treacherous. When buying a soul, make sure it has not been already sold to someone else. Also, be wary of possible fakes.""","399,400,401","02b1,02b2,02b3",
ab109.png,card_images_full/ab109.png,是,ActionCard_109,行动牌,封杀知识,丢弃你的手牌后，从整副牌中抽取{1}张卡牌，而不是6张。保留6张，丢弃其余卡牌。,宣传一本书最有效的方式是封杀这本书。,,Forbidden knowledge,"After discarding your hand, draw {1} cards from the deck instead of 6. Keep 6, discard the rest.",The most effective way to promote a book is to ban it.,"403,404,405","02b5,02b6,02b7",
ab110.png,card_images_full/ab110.png,是,ActionCard_110,行动牌,颁奖典礼,"选择任意其他玩家：-{1}$。
选择任意其他玩家：-{2}*。
选择任意其他玩家：-{3}&。
你可以多次选择同一个玩家。",如果不知道最恨哪个对手，从今天起，暴乱办公室推出全新服务：可一次性向三位目标派发“厄运、挫折与失望”套餐！速来！前三位客户可享受折扣，获得深海潜艇之旅的免费入场券！,,An award ceremony,"Any other player: -{1}$.
Any other player: -{2}*.
Any other player: -{3}&.
(your choice, you can choose the same player more than once).","If you do not know which opponent you hate the most, from this day forward the Chaos Office introduces a new service: the distribution of bad luck, setbacks and disappointments among three victims at once! Hurry up! The first three customers receive a discount and a complimentary ticket for a trip on the bathysphere!","407,408,409","02b9,02ba,02bb",
ab111.png,card_images_full/ab111.png,是,ActionCard_111,行动牌,进贡暴乱,"每个玩家（包括你）丢弃其中一张激活的永久卡牌。
每丢弃一张卡牌：你+{1}$。",盛世出狗熊，乱世出英雄。,,A tribute to Chaos,Every player discards one of their active permanent cards. For each card discarded: you +{1}$.,"A fool puts things in order, a genius reigns over chaos.","413,414,415","02bd,02be,02bf",
ab112.png,card_images_full/ab112.png,是,PermCard_001,永久牌,幸运药水,当你必须获得厄运时：这张卡牌会被丢弃，以取代获得厄运。,“幸运”应是平庸之辈创造的词，用于辩解他人的成功。,,Lucky potion,"When you must get a Misfortune: instead of getting it, this card is discarded.",'Luck' is a word invented by the mediocre to justify the success of the geniuses.,"417,418,419","02c1,02c2,02c3",
ab113.png,card_images_full/ab113.png,是,PermCard_002,永久牌,幸运神骰,"在赌场赌博时，你可以再掷一次骰子。
只有最后一次掷骰子结果算数。",谨慎使用幸运神骰。只有不让对手发现，幸运才会一直伴随着你。,,Lucky dice,"When gambling in the Casino, you can re-roll the dice once. Only the result of the last roll counts.",Be careful with the lucky dice. Your luck will last until your opponents note what kind of dice you're playing with.,"421,422,423","02c5,02c6,02c7",
ab114.png,card_images_full/ab114.png,是,PermCard_003,永久牌,回收机,任意玩家造访垃圾场时：该玩家给予你{1}$。,吹嘘废物制成的商品“物美价廉”是垃圾场的成功策略。,,The recycler,When any player visits the Dump: they give you {1}$.,"Calling the goods made out of trash ""affordable"" and not ""low-quality"" is one of the recent strategies devised by the PR department of the Big Dump.","424,425,426","02c9,02ca,02cb",
ab115.png,card_images_full/ab115.png,是,PermCard_004,永久牌,末日之钟,每第6个回合结束时（第6、12、18、24回合等）， 所有其他玩家失去{1}*。,有人说末日之钟敲响的声音美妙动听，但真正敲响之时，却没有人会听到。,,The Armageddon Clock,"At the end of each round that can be divided by 6 (e.g. 12, 18, 24, etc.), every other player: -{1}*.","They say that the Armageddon Clock chimes beautifully,​ but when it will eventually chime – no one will be left to hear it.","427,428,429","02cd,02ce,02cf",
ab116.png,card_images_full/ab116.png,是,PermCard_005,永久牌,借口编造器,"有50%的机会在贿赂站点避开~。
有50%的机会在警察站点避开~（当你选择该站点支付~时）。",有了权力腐败，伪造公文比努力获取官方公文更容易，也更安全。,,The excuse generator,50% chance to avoid ~ on Bribe spots. 50% chance to avoid ~ on Police spots (when you choose to pay ~ there).,"With the right level of corruption, forging a fake document is much easier and safer than trying to get the official one.","430,431,432","02d1,02d2,02d3",
ab117.png,card_images_full/ab117.png,是,PermCard_006,永久牌,傀儡官僚,其他每个玩家：~+{1}。,我很好奇为什么要设置这种官僚？我们的组织官僚已经够多的了。,,The automated bureaucrat,Every other player: ~+{1}.,I wonder why they made these? We have more than enough organic ones as it stands.,"434,435,436","02d5,02d6,02d7",
ab118.png,card_images_full/ab118.png,是,PermCard_007,永久牌,独臂大盗,任意玩家（包括你）造访赌场时：你+{1}$。,“怎么可能！赌博机让我输得一干二净！”一位不愿透露姓名的小魔怪离开赌场时输得精光，如此愤愤地说道。,,One-armed bandit,When any player (including you) visits the Casino: you +{1}$.,"""Unbelievable! I was cleaned out by some tin-can!"" – the words of a gremlin who wishes to remain anonymous, spoken as they were leaving the Casino naked.","437,438,439","02d9,02da,02db",
ab119.png,card_images_full/ab119.png,是,PermCard_008,永久牌,机器发言人,任意其他玩家造访赌场时：你+{1}&。,它永远不会疲惫，也永远不会闭嘴。,,The promobot,When any other player visits the Casino: you +{1}&.,It never gets tired. And it never shuts up.,"440,441,442","02dd,02de,02df",
ab120.png,card_images_full/ab120.png,是,PermCard_009,永久牌,寻宝器,你造访藏宝阁时：+{1}$。,事实上，寻宝器很难辨别宝藏和垃圾，但这一伟大发明的好处是显而易见的：寻宝器完工后，城市变得更干净了。,,The Treasureseeker,When you visit the Treasure: +{1}$.,"In fact, the Treasureseeker can hardly distinguish treasure from rubbish, but the benefit of this great invention is obvious – the city is much cleaner after its work.","443,444,445","02e1,02e2,02e3",
ab121.png,card_images_full/ab121.png,是,PermCard_010,永久牌,机械帮手,如果在抵达某个站点或建筑后无法使用卡牌执行行动，则可以选择丢弃1张手牌。,机械帮手比真人帮手更好，至少可以想关就关。,,The automated helper,"If you cannot play a card for action in the place where you visit, you can discard 1 card from your hand.",A mechanical helper is better than a living one since it is very easy to turn it off.,"446,447,448","02e5,02e6,02e7",
ab122.png,card_images_full/ab122.png,是,PermCard_011,永久牌,机器工人,你造访工厂时：+{1}$。,机械工人的优点是无需支付薪资。缺点则是即使你承诺下个月汽油加倍而本月不加油，他们也不会工作。,,The automated worker,When you visit the Plant: +{1}$.,"The advantage of mechanical workers is that they don't need salaries. The disadvantage is that they will not work if you promise them double the gasoline next month, instead of fuelling them right when they need it.","450,451,452","02e9,02ea,02eb",
ab123.png,card_images_full/ab123.png,是,PermCard_012,永久牌,星际电梯,"你可以直接从银行移动到天界。 
[m] 
如果使用此卡牌移动，则跳过{1}次走牌。","“升得越高，跌得越深。”
——电梯壁上的涂鸦",,The Astral elevator,"You can move to the Astral Plane straight from the Bank. 
[m] 
Skip {1} turn if you use this card to move.","""The higher you rise, the further you may fall"" – graffitti on the wall of the elevator.","453,454,455","02ed,02ee,02ef",
ab124.png,card_images_full/ab124.png,是,PermCard_013,永久牌,加速器,使用卡牌行动后，你可以在同一站点或建筑再使用一张卡牌。,开始加速后，不要太早使用刹车。,,The accelerator,"After playing a card for action, you can play another card in the same place.","After getting the initial acceleration, try not to break it.","456,457,458","02f1,02f2,02f3",
ab125.png,card_images_full/ab125.png,是,PermCard_014,永久牌,自动取款机,"|+{1}。
你造访银行时：获得|。",银行出纳员并不全是真人。,,The ATM,|+{1}. When you visit the Bank: get |.,It is not as if the tellers in the bank were human.,"460,461,462","02f5,02f6,02f7",
ab126.png,card_images_full/ab126.png,是,PermCard_015,永久牌,机器会计,|+{1}。,这个会计既不会无意犯错，也不会故意犯错。,,The automated accountant,|+{1}.,The automated accountant does not make mistakes by mistake.,"463,464,465","02f9,02fa,02fb",
ab127.png,card_images_full/ab127.png,是,PermCard_016,永久牌,稳妥投资,|+{1}。,在靠谱的银行存笔巨款，比什么都让人安心。然而，靠谱的银行根本不存在。,,A sound investment,|+{1}.,"Nothing boosts your confidence like a large amount deposited in a reliable bank. A pity then, that such banks do not exist.","466,467,468","02fd,02fe,02ff",
ab128.png,card_images_full/ab128.png,是,ActionCard_128,扩展行动/厄运牌,临时选举,选举开始。,临时选举开始。作为浪费纳税人钱财的始作俑者，你会失去一些公众支持，尽管只是一点点。,,Snap Elections,Elections begin.,"Snap Elections begin. As the initiator of this waste of the taxpayer money, you lose some public support, albeit only slightly.","839,840,841","0302,0303,0304",
ab129.png,card_images_full/ab129.png,是,ActionCard_129,扩展行动/厄运牌,丑闻,,媒体报道你可能是臭名昭著的吴佐的商业伙伴……甚至就是乔装打扮的吴佐本人？不管真假，你在钟表镇的信誉都会下降。,,Scandal,,"The media reports that you may be a business partner of the infamous Vuzzo... or maybe even Vuzzo himself, in disguise? Whether this is true or not, your credibility in the Clockwork Town declines.","842,843","0306,0308",
ab130.png,card_images_full/ab130.png,是,ActionCard_130,扩展行动/厄运牌,罚款,-{1}$。如果不能付清，则被逮捕。,根据检察官阿克诺希的说法，你违反了第369990号法令，必须缴纳罚款（最好能亲自交给他）。,,Fine,"-{1}$. If full payment cannot be made, you are arrested.","According to the prosecutor Acknoshp, you have violated Decree No. 369990 and must pay a fine (best of all, if you can pay it to him personally).","844,845,846","030a,030b,030c",
ab131.png,card_images_full/ab131.png,是,ActionCard_131,扩展行动/厄运牌,入室盗窃,,你的办公楼被洗劫一空，贵重物品被盗了……不过，与其向警察报案，还不如保持沉默（警方可能会问，考虑到你申报的收入极其微薄，你哪来那么多钱被盗）。,,Burglary,,"Your office was ransacked, with valuables were stolen... However, it's better to be quiet about it rather than report it to the police (who may wonder, where did you get all the money that was stolen, considering your extremely meagre declared income).","847,848","030e,0310",
ab132.png,card_images_full/ab132.png,是,ActionCard_132,扩展行动/厄运牌,无缘无故的慷慨,选择任意其他玩家：给予其{1}$。,公众对突如其来的慷慨举动持谨慎的赞许态度，却难掩疑虑。,,Unprovoked generosity,Choose any other player: give them {1}$.,A sudden display of generosity is met with cautious approval of the suspicious public.,"849,850,851","0312,0313,0314",
ab133.png,card_images_full/ab133.png,是,ActionCard_133,扩展行动/厄运牌,倒霉透顶,,你遭遇了极其不幸的变故。朋友和熟人寄来了安慰信（奇怪的是，有些信甚至在这些不幸的变故开始之前就到了……）。,,Terrible accident,,"You suffer the most unfortunate turn of events. Friends and acquaintances send letters of consolation (strangely, some of these letters arrive even before these unfortunate events begin to unfold...).","852,853","0316,0318",
ab134.png,card_images_full/ab134.png,是,ActionCard_134,扩展行动/厄运牌,股市崩盘,每个玩家：|-{1}。,"在你说钟表镇的股价将继续上涨，完全没有理由恐慌之后，股市却应声暴跌。

有人说，正是你这番令人生疑的盲目乐观引发了投资者的恐慌。",,Market crash,Every player: |-{1}.,"After your statement that the share prices in the clockwork-town will continue to increase, and that there are absolutely no reasons to panic, the stock market experiences a crash.

Some say that it is your suspiciously positive statement that is to blame for the panic among the investors.","854,855,856","031a,031b,031c",
ab135.png,card_images_full/ab135.png,是,ActionCard_135,扩展行动/厄运牌,机械地震,,报道称发生了机械地震。但由于受害者人数有限，坊间普遍传言，造成破坏的真正原因并非机械地震，而仅仅是偷工减料。,,Mechquake,,"A mechquake is reported. But since the number of victims is so limited, it is widely rumored that the actual cause of damage is not a mechquake, but simply shoddy construction work.","857,858","031e,0320",
ab136.png,card_images_full/ab136.png,是,ActionCard_136,扩展行动/厄运牌,小笔捐款,,一个讨厌的乞丐追着你要钱。你只需捐献一枚硬币，就能摆脱他。有趣的是，尽管数额不大，公众却将这种行为视为善举。,,Small donation,,"An annoying beggar chases you, asking for money. You get rid of him by donating a small coin. Interestingly, despite the small amount, the public sees such action as a good deed.","859,860","0322,0324",
ab137.png,card_images_full/ab137.png,是,ActionCard_137,扩展行动/厄运牌,纠纷,,当你碰到一位颇具争议的政治家（此人看起来非常像潘克先生）时，你在撞碎他的夹鼻眼镜时，却不小心折断了自己的拐杖。尽管你的律师设法让案件被驳回了，但这件事依然留下了些许不快。,,Dust-up,,"When you run into a controversial politician (who looks very much like Mr. Punko), you accidentally snap your walking cane while smashing his pince-nez. Your lawyers manage to have the case dismissed, though an unpleasant aftertaste still lingers.","861,862","0326,0328",
ab138.png,card_images_full/ab138.png,是,ActionCard_138,扩展行动/厄运牌,讹诈,支付~（镇长无需支付）。,"总统签署了另一项法律，禁止钟表镇的某些公民从事一些商业活动。

你向一个促进平等权利的基金会自愿捐款（碰巧该基金的经营者就是总统的私交好友），从而成功避免了这些限制。",,Extortion,Pay ~ (Governor doesn't pay).,"The President signs yet another law that prohibits certain citizens of the Clockwork Town to perform a number of business activities.

You manage to avoid such restrictions by making a voluntary donation to the fund dedicated to promotion of equal rights (which is, by accident, operated by a personal friend of the President).","863,864,865","032a,032b,032c",
ab139.png,card_images_full/ab139.png,是,ActionCard_139,扩展行动/厄运牌,意外假期,你被逮捕了。,"好消息是：你终于能暂时逃离那份无聊的工作，从资本主义的激烈“鼠斗”中喘口气了！

坏消息是：你休假的地方窗户上装着铁栏杆，而且那里可能会遇到几只真老鼠。",,Unscheduled vacation,You are arrested.,"The good news: you get some time off the boring job, and escape the capitalistic rat race for a while!

The bad news: your time off is at a place that has iron bars on the windows, and may meet a few real rats down there.","866,867,868","032e,032f,0330",
ab140.png,card_images_full/ab140.png,是,ActionCard_140,扩展行动/厄运牌,税务稽核,"每个玩家支付~（镇长无需支付）。
如果你是镇长，事后你将不再担任镇长。",独立审计师不打招呼就来造访你的企业。一件精致昂贵的礼物能成功安抚他们一贯的怒气。,,Tax inspection,Every player pays ~ (Governor doesn't pay). If you're the Governor: you stop being the Governor.,Independent auditors visit your business without a warning. A small but luxurious gift helps you placate their usual irritation.,"869,870,871","0332,0333,0334",
ab141.png,card_images_full/ab141.png,是,ActionCard_141,扩展行动/厄运牌,通货膨胀,每个玩家：-{1}%$。,钟表银行的种种操控导致货币贬值一半，如今这些富有的银行家还要求穷苦百姓出钱救市。更有传言称这些操控行为与你有关（对此你极力否认）。,,Inflation,Every player: -{1}% of their $.,"The machinations at the Clockwork Bank made the money lose half its value, and now the rich bankers demand a bailout from the poor citizens. Moreover, some say that the machinations can be traced to you (you vehemently deny such rumors).","872,873,874","0336,0337,0338",
ab142.png,card_images_full/ab142.png,是,ActionCard_142,扩展行动/厄运牌,不测风云,每个玩家将{1}张手牌传给下一个玩家。,天有不测风云……这可能是把自己的麻烦转嫁给他人的好时机。,,Wind of change,Every player passes {1} cards from their hand to the next player.,There's a change in the wind... This could be a good time to pass some of your troubles to others.,"875,876,877","033a,033b,033c",
ab143.png,card_images_full/ab143.png,是,ActionCard_143,扩展行动/厄运牌,百密一疏,,你无缘无故收到一份广告宣传册，上面没有邮票。尽管你从未订购过它，邮递员却坚持要你支付邮费。,,Something is amiss,,"You receive an unsolicited advertising brochure, which misses a post stamp. Even though you never ordered it, the postman insists that you must pay for the postage.","878,879","033e,0340",
ab144.png,card_images_full/ab144.png,是,ActionCard_144,扩展行动/厄运牌,一反常态,"掷骰子，然后移动到 -
1：地狱
2：垃圾场
3：市场
4：工厂
5：赌场
6：待在原地。",你陷入了某种异常力场，被瞬移到了未知地点。,,Anomaly,"Roll the dice and teleport to - 

1: The Inferno 
2: The Dump 
3: The Marketplace 
4: The Plant 
5: The Casino 
6: stay where you are.","You have been caught in some sort of an anomalous force field, and are teleported to an unknown destination.","880,881,882","0342,0343,0344",
ab145.png,card_images_full/ab145.png,是,ActionCard_145,扩展行动/厄运牌,传票,瞬移到法院。,你被紧急传唤，为一起机械装置失踪案作证！,,Subpoena,Teleport to the Court.,You are urgently subpoenaed to testify in the case of a missing mechanism!,"884,885,886","0346,0347,0348",
ab146.png,card_images_full/ab146.png,是,ActionCard_146,扩展行动/厄运牌,泄密,揭开你的手牌。,有一天，你的私人信件不翼而飞。几天后，你在小报上看到了这些信件。,,Leak,Reveal your hand.,"One day, your private letters disappear. A few days later, you discover them on the pages of the tabloids.","887,888,889","034a,034b,034c",
ab147.png,card_images_full/ab147.png,是,ActionCard_147,扩展行动/厄运牌,赎金,-{1}$（你必须拥有{1}$）或 -{2}*。,你的一个机器人被偷了，窃贼要求赎金。你是照他们的要求支付赎金，还是永远失去这个机器人？,,Ransom,-{1}$ (you must have {1}$) or -{2}*.,"One of your robots has been stolen, the thieves demand a ransom. Will you pay what they demand, or will you lose this robot forever?","890,891,892","034e,034f,0350",
ab148.png,card_images_full/ab148.png,是,ActionCard_148,扩展行动/厄运牌,绑架,-{1}$（你必须拥有{1}$）或 +{2}^。,你的生意伙伴吴佐被绑架了！罪犯勒索赎金。你会支付赎金吗？还是把这当作一个机会，终于可以彻底摆脱这个倒霉的酒鬼了？,,Kidnapping,-{1}$ (you must have {1}$) or +{2}^.,Your business partner Vuzzo has been kidnapped! The criminals demand a ransom. Will you pay – or will you see it as the opportunity to finally break your ties with this unlucky guzzler?,"893,894,895","0352,0353,0354",
ab149.png,card_images_full/ab149.png,是,ActionCard_149,扩展行动/厄运牌,勒索,-{1}$（你必须拥有{1}$）或 -{2}&。,有人威胁要公布你过去的黑料。你会付钱避免负面新闻，还是已经不在乎这种小事了？,,Blackmail,-{1}$ (you must have {1}$) or -{2}&.,"Someone threatens to publish a compromising report about your past. Will you pay up to avoid bad publicity, or you don't care about such trifle things anymore?","896,897,898","0356,0357,0358",
ab150.png,card_images_full/ab150.png,是,ActionCard_150,扩展行动/厄运牌,大公无私,选择任意一位对手，让其查看你的手牌。对方可以用自己的一张卡牌与你的任意一张卡牌交换。,你出乎意料地向竞争对手透露了自己的计划。这是怎么回事——是想交个新朋友，还是痴呆症的早期征兆？,,Altruism,Choose any opponent: they look at your hand. They can swap 1 of their cards with any of your cards.,"Unexpectedly, you reveal your plans to a competitor. What is this – an attempt to get a new friend, or a sign of an early onset of dementia?","899,900,901","035a,035b,035c",
ab151.png,card_images_full/ab151.png,是,ActionCard_151,扩展行动/厄运牌,诈骗集团,"掷骰子 -

1: -100$
2: -70$
3: -50$
4: -30$
5: -10$
6: +10$",有人看见你与一群臭名昭著的骗子在一起。奇怪的是，这次你不是骗子，反倒是受害者。,,Con artists,"Roll the dice:

1: -100$
2: -70$
3: -50$
4: -30$
5: -10$
6: +10$","You have been spotted in the company of known swindlers. Strangely, this time you are the victim rather than one of the cheaters.","903,904,905","035e,035f,0360",
ab152.png,card_images_full/ab152.png,是,ActionCard_152,扩展行动/厄运牌,恶意谣言,,丑闻！传言说你根本不是小魔怪，而是一个乔装打扮的仙子！,,Dirty rumors,,"A scandal! The rumours say that you are not a gremlin, but rather a fairy in disguise!","906,907","0362,0364",
ab153.png,card_images_full/ab153.png,是,ActionCard_153,扩展行动/厄运牌,道德两难,-{1}&（你必须拥有{1}&）或 +{2}^。,"《真相大白》这家主流报纸计划发表一篇严厉抨击的文章，质疑你在小魔怪社会中的地位。

你有能用得上的政治人脉来让这篇文章消失吗？",,Moral dilemma,-{1}& (you must have {1}&) or +{2}^.,"Your former friends, whom you have completely forgotten about, show up at your door.

They want to win a public tender for a contract at the Dump at a ridiculously inflated budget, and ask you to lend them your political backing.

If you don't help them, they will publish a few compromising stories from the days of your wild youth.","908,909,910","0366,0367,0368",
ab154.png,card_images_full/ab154.png,是,ActionCard_154,扩展行动/厄运牌,一蹶不振,跳过{1}次走牌。,你在钟表镇的大街小巷销声匿迹好几天了。你是在密谋什么坏事，还是说只是心情低落？,,Depression,Skip {1} turn.,"It's been a few days since you've been spotted on the streets of the Clockwork Town. Is this some devious plan, or is this simply a bout of depression?","911,912,913","036a,036b,036c",
ab155.png,card_images_full/ab155.png,是,ActionCard_155,扩展行动/厄运牌,报应,每个玩家（包括你）失去$，等于其^x{1}。,股市下跌，许多小魔怪损失惨重。有趣的是，损失最惨重的恰恰是最冷血无情的小魔怪……,,Retribution,Every player: -$ equal to their ^x{1}.,"The stock market is down, and many gremlins have lost significant investments. Interestingly, the ones who suffered the most were the ones who were the most ruthless...","914,915,916","036e,036f,0370",
ab156.png,card_images_full/ab156.png,是,ActionCard_156,扩展行动/厄运牌,丢失的债券,|-{1}。,你保险箱中的债券离奇消失了。,,Lost bonds,|-{1}.,"Under mysterious circumstances, some bonds have disappeared from your safe.","917,918,919","0372,0373,0374",
ab157.png,card_images_full/ab157.png,是,ActionCard_157,扩展行动/厄运牌,开放政策,-{1}*（你必须拥有{1}*）或丢弃手牌。,"政府决定放任市场自由发展，正在取消许多规定和限制。

要是你拿不出一些早期投资来保护自己，你的处境将彻底改变。",,Liberalization,-{1}* (you must have {1}*) or discard your hand.,"The government decided that the unregulated markets will fix themselves, and is removing many of the requirements and restrictions.

Unless you can spare some of the earlier investment to insulate yourself, everything is about to change for you.","920,921,922","0376,0377,0378",
ab158.png,card_images_full/ab158.png,是,ActionCard_158,扩展行动/厄运牌,,,,,,Amnesty,You are free!,,,未定位到中文牌名
ab159.png,card_images_full/ab159.png,是,ActionCard_159,扩展行动/厄运牌,,,,,,,"Roll the dice to play the underground roulette – 

1 = - {1}$ 
2 = - {2}$ 
3 = - {3}$ 
4 = + {4}$ 
5 = + {5}$ 
6 = + {6}$",,,未定位到中文牌名
ab160.png,card_images_full/ab160.png,是,ActionCard_160,扩展行动/厄运牌,,,,,,,"Roll the dice to search through the jail dumpster –

1 = -1&
2 = nothing
3 = nothing
4 = +10$
5 = +20$
6 = +30$",,,未定位到中文牌名
ab161.png,card_images_full/ab161.png,是,ActionCard_161,扩展行动/厄运牌,,,,,,Wheeler dealer,Discard {1} card.,,,未定位到中文牌名
ab162.png,card_images_full/ab162.png,是,ActionCard_162,扩展行动/厄运牌,,,,,,,"Roll the dice to try to escape from the Jail –

1, 2, 3 = +{2}^, jail term +{1} turn

4, 5, 6 = teleport to the Dump",,,未定位到中文牌名
ab163.png,card_images_full/ab163.png,是,ActionCard_163,扩展行动/厄运牌,,,,,,,,,,未定位到中文牌名
ab164.png,card_images_full/ab164.png,是,ActionCard_164,扩展行动/厄运牌,,,,,,Bribing the guards,Pay ~. Jail term: -{1} turn.,,,未定位到中文牌名
ab165.png,card_images_full/ab165.png,是,ActionCard_165,扩展行动/厄运牌,,,,,,Swindle,Get +|. Jail term: +{2} turn.,,,未定位到中文牌名
ab166.png,card_images_full/ab166.png,是,ActionCard_166,扩展行动/厄运牌,,,,,,Lay It Down,Every prisoner with the jail rank lower than your rank gives you {1}$.,,,未定位到中文牌名
ab167.png,card_images_full/ab167.png,是,ActionCard_167,扩展行动/厄运牌,,,,,,New Homies,Every prisoner with the jail rank lower than your rank gives you {1}&.,,,未定位到中文牌名
ab168.png,card_images_full/ab168.png,是,ActionCard_168,扩展行动/厄运牌,,,,,,Jail Telegram,"Choose any other player: they get a Misfortune (your choice, 1 from {1}).",,,未定位到中文牌名
ab169.png,card_images_full/ab169.png,是,ActionCard_169,扩展行动/厄运牌,,,,,,Correctional labor,Jail term: -{1} turn.,,,未定位到中文牌名
ab170.png,card_images_full/ab170.png,是,ActionCard_170,扩展行动/厄运牌,,,,,,Appeal,"Roll the dice to appeal your sentence:

1, 2, 3 = nothing

4, 5, 6 = you are free! +{1} extra turn!",,,未定位到中文牌名
ab171.png,card_images_full/ab171.png,是,ActionCard_171,扩展行动/厄运牌,,,,,,,"Choose any player: -{2}^, gives you {1}$.",,,未定位到中文牌名
ab172.png,card_images_full/ab172.png,是,ActionCard_172,扩展行动/厄运牌,,,,,,Report,Get |.,,,未定位到中文牌名
ab173.png,card_images_full/ab173.png,是,ActionCard_173,扩展行动/厄运牌,,,,,,Probation,Pay {1}$ for every turn that remains in your jail term: you are free! +{2} extra turn (you must have the required amount).,,,未定位到中文牌名
ab174.png,card_images_full/ab174.png,是,ActionCard_174,扩展行动/厄运牌,,,,,,Helping the guards,Jail term: -{1} turn.,,,未定位到中文牌名
ab175.png,card_images_full/ab175.png,是,ActionCard_175,扩展行动/厄运牌,,,,,,Testimony,Choose any other player: they pay $ equal to their ^x{1}. You get half of what was paid.,,,未定位到中文牌名
ab176.png,card_images_full/ab176.png,是,ActionCard_176,扩展行动/厄运牌,,,,,,,Pay $20 - or lose #2.,,,未定位到中文牌名
ab177.png,card_images_full/ab177.png,是,ActionCard_177,扩展行动/厄运牌,,,,,,,"If you want, you may use the general mechanics of Casino (but not play any Casino cards).",,,未定位到中文牌名
ab178.png,card_images_full/ab178.png,是,ActionCard_178,扩展行动/厄运牌,,,,,,,"If you want, you may use the general mechanics of Risk (but not play any Risk cards).",,,未定位到中文牌名
ab179.png,card_images_full/ab179.png,是,ActionCard_179,扩展行动/厄运牌,,,,,,,"If you want, you may use the general mechanics of Junkyard (but not play any Junkyard cards).",,,未定位到中文牌名
ab180.png,card_images_full/ab180.png,是,ActionCard_180,扩展行动/厄运牌,,,,,,,A player of your choice must trade 2 cards with you (each of you chooses the cards that will be traded).,,,未定位到中文牌名
ab181.png,card_images_full/ab181.png,是,ActionCard_181,扩展行动/厄运牌,,,,,,,+=>,,,未定位到中文牌名
ab182.png,card_images_full/ab182.png,是,ActionCard_182,扩展行动/厄运牌,,,,,,,,,,未定位到中文牌名
ab183.png,card_images_full/ab183.png,是,ActionCard_183,扩展行动/厄运牌,,,,,,,Get out of Jail!,,,未定位到中文牌名
ab184.png,card_images_full/ab184.png,是,ActionCard_184,扩展行动/厄运牌,,,,,,,"If you want, you may pay $30 for each remaining Jail card and immediately move to Courthouse to continue your turn there.",,,未定位到中文牌名
ab185.png,card_images_full/ab185.png,是,ActionCard_185,扩展行动/厄运牌,,,,,,,"If you want, you may pay (B) to lose 1 Jail card.",,,未定位到中文牌名
ab186.png,card_images_full/ab186.png,是,ActionCard_186,扩展行动/厄运牌,,,,,,,Discard any 2 cards from your hand.,,,未定位到中文牌名
cb001.png,card_images_full/cb001.png,是,ChaosCard_001,混乱牌/事件牌,选举！,选举开始！^ 最少的玩家获得 &{1}。& 最多的玩家成为镇长。选举结束后，每位玩家的 & 减少一半。如果 & 数量相等，则 ^ 最少的玩家获胜。,"{N} 是新镇长！我们的明天如此美好。
镇长收到时尚怀表以及 *{2}。",,Elections!,"Elections begin! Players with the least ^ get &{1}. The player with the most & becomes the Governor. When Elections are over, every player loses half their &. If the number of & is equal, the player with the least ^ wins.","{N} is the new Governor! What wonderful times await us.
The Governor gets a fancy new watch, as well as *{2}.","689,690,691","0d56,0d5a,0d5e",
cb002.png,card_images_full/cb002.png,是,ChaosCard_002,混乱牌/事件牌,拍卖,出价最高的玩家获得 {1}*。,"{N} 赢了拍卖！ 
他们支付 {1}$ 并获得 {2}*。",,Elections!,"Elections begin! Players with the least ^ get &{1}. The player with the most & becomes the Governor. When Elections are over, every player loses half their &. If the number of & is equal, the player with the least ^ wins.","{N} is the new Governor! What wonderful times await us.
The Governor gets a fancy new watch, as well as *{2}.","707,708,709","0d56,0d5a,0d5e",
cb003.png,card_images_full/cb003.png,是,ChaosCard_003,混乱牌/事件牌,交锋！,玩家 {1} 和 {2} 正在进行玩家交锋！每位玩家出价。出价最高的玩家付款并留在该站点，另一位玩家被逮捕。如果出价相等，则 ^ 最少的玩家获胜。,"{1} 获胜，支付 {3}$ 并留在该站点。 
{2} 被逮捕了。",,Player Conflict!,"Players {1} and {2} are in Player Conflict! Each player calls their bid. The player who bids the most pays up and remains on the spot, the other player is arrested. If the bids are equal, the player with the least ^ wins.","{1} won, pays {3}$ and remains on the spot. 
{2} is arrested.","710,711,712","0d44,0d48,0d4e",
cb004.png,card_images_full/cb004.png,是,ChaosCard_004,混乱牌/事件牌,,,,,,,,,,cb004-cb006 的图片是表情/聊天式混乱牌图标；未在卡牌文本段中找到稳定的一一说明；未定位到中文牌名
cb005.png,card_images_full/cb005.png,是,ChaosCard_005,混乱牌/事件牌,,,,,,,,,,cb004-cb006 的图片是表情/聊天式混乱牌图标；未在卡牌文本段中找到稳定的一一说明；未定位到中文牌名
cb006.png,card_images_full/cb006.png,是,ChaosCard_006,混乱牌/事件牌,,,,,,,,,,cb004-cb006 的图片是表情/聊天式混乱牌图标；未在卡牌文本段中找到稳定的一一说明；未定位到中文牌名
